0.036979,0.048698,0.02526,0.015365,0.04974,0.033594,0.19089,0.15521,0.058079,0.091698,0.051091,0.019505,0.069042,0.046897,0.27676,0.27237,0.0020749,0.0062453,0.0020402,0.00014936,0.0023719,0.0011077,0.041545,0.051824,0.74219,1.1094,0.82031,0.30469,1.1484,0.85938,3.2891,3.2031,13,7,10,12,16,18,17,17
0.036979,0.05599,0.027344,0.016927,0.048958,0.03099,0.18542,0.15885,0.058079,0.10002,0.05266,0.022417,0.068554,0.042815,0.27483,0.27331,0.0020749,0.0071057,0.0020952,0.00022344,0.0023822,0.00090283,0.042569,0.05117,0.875,1.1953,0.89063,0.29688,1.1172,0.82031,3.6953,3.6094,12,8,10,13,16,17,16,17
0.0375,0.064062,0.030208,0.017708,0.048958,0.03125,0.18958,0.15911,0.058219,0.10993,0.055353,0.022822,0.068554,0.043075,0.2773,0.27333,0.0020516,0.0082562,0.0022256,0.00021439,0.0023822,0.00090921,0.042367,0.051095,0.875,1.2266,0.90625,0.33594,1.1016,0.8125,3.8828,3.7031,12,9,10,13,16,17,15,17
0.036719,0.065885,0.033333,0.022135,0.047396,0.030729,0.19505,0.17318,0.058062,0.11051,0.057939,0.033299,0.068018,0.042981,0.28044,0.28436,0.0020927,0.0081437,0.0023233,0.00064017,0.0024622,0.00093419,0.042003,0.052625,0.88281,1.4141,0.89063,0.4375,1.0859,0.84375,3.8281,4.1094,12,8,10,14,16,17,16,16
0.036979,0.06901,0.0375,0.022396,0.048177,0.03099,0.20625,0.17656,0.058114,0.11205,0.063309,0.03339,0.068421,0.043004,0.28738,0.28506,0.0020791,0.0080612,0.0026914,0.00063449,0.0024418,0.00091967,0.041426,0.051811,0.89844,1.4453,0.92969,0.54688,1.0625,0.8125,3.8359,4.4297,11,9,10,14,15,17,15,16
0.038802,0.07474,0.038542,0.022917,0.046615,0.030469,0.21198,0.18125,0.059207,0.11636,0.063693,0.033512,0.066796,0.042624,0.29109,0.28634,0.0020688,0.0082279,0.00266,0.00061849,0.0023677,0.00091911,0.04117,0.050833,0.92969,1.4844,1.0156,0.51563,1.0234,0.8125,3.8516,4.4297,11,9,10,15,15,17,16,16
0.039063,0.076042,0.038021,0.022135,0.042969,0.03099,0.2237,0.18151,0.059327,0.11693,0.063565,0.033053,0.062386,0.043004,0.29992,0.28639,0.0020626,0.0081616,0.0026844,0.00062333,0.0021162,0.00091967,0.041287,0.050763,0.9375,1.5781,1.0313,0.5,0.97656,0.80469,3.9531,4.4922,11,9,11,15,15,18,17,15
0.046354,0.078125,0.039844,0.023177,0.041146,0.03099,0.24453,0.19349,0.071517,0.1179,0.064565,0.033784,0.06135,0.043004,0.32241,0.29444,0.0030683,0.0080651,0.0026702,0.00062501,0.0021423,0.00091967,0.045676,0.050957,1.1016,1.5781,1.0781,0.53125,0.92969,0.78125,4.1797,4.8125,12,9,12,15,16,17,17,16
0.046615,0.084375,0.042448,0.024479,0.043229,0.033854,0.25,0.19349,0.071617,0.12316,0.066122,0.034822,0.062402,0.046745,0.32459,0.29444,0.003058,0.0083277,0.002659,0.00063449,0.0020951,0.0010748,0.044337,0.050957,1.2891,1.6875,1.0781,0.53125,0.95313,0.8125,4.6094,5.1641,12,9,12,15,17,16,16,17
0.048438,0.08776,0.042188,0.02526,0.04349,0.032813,0.25365,0.22292,0.072898,0.12476,0.066076,0.03543,0.062549,0.046219,0.32582,0.33636,0.0030703,0.0081353,0.0026754,0.00063848,0.0020907,0.0010961,0.043262,0.065631,1.3203,1.7656,1.1406,0.53906,0.97656,0.875,4.6016,6.0078,12,9,13,14,18,16,16,17
0.05026,0.089583,0.04375,0.025781,0.042969,0.034375,0.25469,0.22526,0.073772,0.12539,0.066811,0.035773,0.062353,0.047264,0.32587,0.33687,0.0030168,0.0079629,0.0026376,0.00063624,0.002112,0.0010885,0.042748,0.064904,1.3281,1.7891,1.1875,0.53125,0.99219,0.91406,4.6797,6.7656,12,9,14,14,18,17,16,17
0.052865,0.098698,0.045052,0.028125,0.045833,0.036458,0.26953,0.22786,0.075138,0.13496,0.067342,0.038007,0.066014,0.049287,0.33826,0.33729,0.0029494,0.0087658,0.0025916,0.00067602,0.0023351,0.0011379,0.043216,0.063978,1.3438,1.9688,1.1875,0.54688,1.0859,0.92969,5.1016,6.7734,13,10,15,15,18,17,17,17
0.05599,0.10078,0.045312,0.027344,0.045573,0.040365,0.27109,0.23672,0.077063,0.1358,0.067357,0.037765,0.065937,0.054295,0.33841,0.34137,0.0029006,0.0085717,0.0025694,0.0007019,0.0023492,0.0013642,0.042443,0.062585,1.3516,2.1406,1.2266,0.60156,1.1719,0.97656,5.4766,6.9531,13,11,16,15,19,17,17,16
0.061458,0.10391,0.046094,0.029427,0.05026,0.045833,0.29375,0.24141,0.083195,0.13706,0.067493,0.039862,0.07076,0.062695,0.36532,0.34287,0.0032527,0.0082635,0.0025144,0.00074793,0.0025664,0.0018931,0.048797,0.061327,1.4141,2.1563,1.2344,0.65625,1.25,1.0078,6.1641,7.0391,13,11,16,15,19,18,18,16
0.060677,0.10521,0.047396,0.028646,0.049479,0.045573,0.30052,0.24948,0.083085,0.13732,0.068018,0.039631,0.07037,0.062614,0.36892,0.34607,0.0033324,0.0080555,0.0024622,0.00077592,0.0025901,0.0019072,0.047371,0.059511,1.5703,2.2109,1.25,0.72656,1.3438,1.1563,6.5391,7.1016,13,11,16,14,19,19,19,16
0.061458,0.10573,0.049219,0.029167,0.049219,0.045833,0.30573,0.25312,0.083268,0.13738,0.068747,0.04004,0.070298,0.06276,0.37013,0.34698,0.0032653,0.0079587,0.0023831,0.00077844,0.0026062,0.0019015,0.04503,0.058264,1.5938,2.2344,1.25,0.75781,1.3359,1.1563,6.4766,7.1875,12,12,17,13,19,18,18,16
0.06224,0.10573,0.049479,0.029167,0.048438,0.046354,0.30104,0.26016,0.083524,0.13738,0.068791,0.04004,0.069993,0.062889,0.36845,0.34911,0.0032095,0.0079587,0.0023628,0.00077844,0.0026409,0.0018687,0.046684,0.056065,1.5938,2.2422,1.2734,0.77344,1.3281,1.1328,6.5156,7.2422,12,12,17,13,19,17,17,16
0.06224,0.10703,0.05,0.029167,0.047396,0.046094,0.3026,0.26953,0.083524,0.13756,0.069028,0.04004,0.069527,0.062711,0.36914,0.35328,0.0032095,0.0077247,0.0023429,0.00077844,0.0026768,0.0018704,0.046239,0.053958,1.625,2.2734,1.2656,0.77344,1.3125,1.1094,6.5938,7.2344,13,12,16,13,18,17,17,16
0.064583,0.10938,0.049479,0.028906,0.047396,0.046354,0.30547,0.27083,0.084722,0.13816,0.068673,0.039964,0.069527,0.06276,0.3702,0.35375,0.0031104,0.0073705,0.002346,0.00078777,0.0026768,0.0018518,0.045247,0.053578,1.6641,2.2734,1.2188,0.77344,1.3203,1.1172,6.5078,7.3594,13,13,16,14,18,16,16,16
0.064844,0.10859,0.050521,0.029427,0.050781,0.046094,0.30182,0.27318,0.084853,0.13805,0.069028,0.040268,0.073772,0.062679,0.36889,0.35487,0.0030987,0.0075151,0.0022887,0.0007816,0.0029623,0.0018662,0.046536,0.053073,1.6641,2.3047,1.2109,0.78906,1.4219,1.1094,6.5625,7.4063,12,14,16,15,19,15,15,16
0.064583,0.1112,0.052604,0.030208,0.052865,0.047396,0.31536,0.2763,0.084841,0.13878,0.070428,0.040645,0.075516,0.063405,0.3813,0.35638,0.0031315,0.0071335,0.0022685,0.00076497,0.0030083,0.001835,0.047521,0.052408,1.6875,2.3438,1.25,0.78906,1.4453,1.1406,6.8438,7.3594,12,15,16,16,20,15,16,16
0.13281,0.12135,0.19297,0.084635,0.081771,0.086979,0.2,0.40755,0.15332,0.15814,0.239,0.10352,0.11321,0.10803,0.26404,0.45929,0.0060698,0.010636,0.020567,0.0036751,0.0063423,0.0042461,0.030743,0.046395,3.0938,3.2109,3.9453,1.875,2.4766,2.4922,4.5547,6.7266,18,19,20,23,17,15,12,18
0.13047,0.12526,0.19167,0.088542,0.08151,0.08724,0.19062,0.42292,0.15266,0.15977,0.23761,0.1057,0.11308,0.10824,0.25616,0.48361,0.0064998,0.010176,0.020401,0.0034488,0.0063547,0.0042476,0.030289,0.056913,3.1797,3.3672,3.9766,1.8359,2.4922,2.4609,4.3516,6.9844,17,20,19,24,18,16,13,18
0.13359,0.12786,0.19193,0.090885,0.078906,0.086458,0.19401,0.43125,0.15551,0.16104,0.23769,0.10785,0.11181,0.10805,0.25693,0.49334,0.0065554,0.009915,0.020338,0.0034874,0.0064922,0.0043437,0.029352,0.059383,3.2969,3.25,4.0469,1.8359,2.5156,2.4453,4.3516,7.1875,18,20,19,23,17,16,14,18
0.12891,0.12526,0.19297,0.097396,0.076563,0.082812,0.20781,0.41875,0.1529,0.15901,0.23844,0.11798,0.11025,0.10538,0.26983,0.48475,0.0069948,0.0099234,0.020294,0.004587,0.0065093,0.0043928,0.030642,0.061686,3.4375,3.2656,3.9688,1.9141,2.4609,2.375,4.6328,7.6641,17,19,19,24,18,16,14,17
0.12526,0.12109,0.18203,0.097656,0.075781,0.083333,0.22734,0.40547,0.15121,0.15674,0.23005,0.11803,0.11011,0.10569,0.29702,0.47382,0.0074231,0.010244,0.020471,0.004545,0.0066008,0.0043707,0.037793,0.062169,3.3516,3.2109,4.0938,2.0547,2.4844,2.4141,4.7813,7.5313,18,19,18,24,17,17,14,17
0.12135,0.12031,0.17396,0.095833,0.079167,0.082031,0.2401,0.4125,0.14723,0.15664,0.22039,0.11651,0.11237,0.10535,0.30578,0.48146,0.0071884,0.010408,0.018942,0.0045416,0.006578,0.0045198,0.037088,0.063777,3.25,3.125,3.8594,2,2.5156,2.4688,5.0469,7.6797,18,18,18,24,17,17,14,18
0.12057,0.11693,0.17656,0.098437,0.080469,0.081771,0.24323,0.41771,0.14712,0.15486,0.22113,0.1179,0.11385,0.10526,0.30666,0.48374,0.0073524,0.010664,0.018334,0.004355,0.0067103,0.0045449,0.036081,0.061577,3.2188,3.0234,3.8906,2.0234,2.4453,2.4453,5.2969,8.0078,19,17,18,25,18,17,14,18
0.12161,0.11719,0.17891,0.098698,0.083854,0.084115,0.25078,0.43151,0.14828,0.15488,0.22191,0.11797,0.11581,0.10792,0.31001,0.49312,0.007445,0.010607,0.017832,0.0043208,0.0065999,0.0047299,0.034358,0.058933,3.25,3.0078,3.875,2.0781,2.4688,2.3984,5.3516,8.1797,18,16,18,24,17,17,14,17
0.12344,0.11771,0.18073,0.098437,0.089063,0.078646,0.26198,0.43828,0.14871,0.15503,0.22265,0.11793,0.11961,0.098615,0.31905,0.49729,0.0071154,0.010531,0.017493,0.0043634,0.0065943,0.0036618,0.034301,0.057109,3.2422,2.9844,3.8438,2.0391,2.4297,2.2969,5.4922,8.2578,18,16,19,23,18,17,15,16
0.12344,0.11589,0.18047,0.097917,0.086719,0.077344,0.26276,0.44167,0.14871,0.15416,0.22254,0.11759,0.11846,0.09763,0.31936,0.49939,0.0071154,0.010692,0.017538,0.004385,0.0067364,0.003672,0.034085,0.056189,3.2344,2.8906,3.5234,2.0391,2.4922,2.2578,5.7031,8.2969,18,17,18,23,18,16,15,16
0.12161,0.11589,0.17526,0.096615,0.088542,0.078125,0.27682,0.44792,0.14644,0.15416,0.21377,0.11624,0.11912,0.097849,0.33645,0.50367,0.0068851,0.010692,0.015497,0.0043208,0.0065679,0.0035906,0.037828,0.054883,3.1406,3,3.5156,1.9375,2.3828,2.1406,6.1484,8.3125,19,17,18,23,18,16,15,17
0.12005,0.11302,0.16823,0.099219,0.085938,0.077083,0.2987,0.45443,0.14569,0.15204,0.20922,0.11728,0.11618,0.096425,0.36706,0.50894,0.0070484,0.010699,0.016007,0.0040458,0.0063224,0.0034716,0.04708,0.05433,3.2188,3.0234,3.6875,1.8594,2.3516,2.1094,6.2422,7.9531,19,17,17,23,17,16,16,17
0.12109,0.10443,0.16562,0.096875,0.084635,0.078385,0.30599,0.43672,0.14669,0.1441,0.20776,0.11595,0.11508,0.097213,0.37474,0.49208,0.0070917,0.010201,0.016275,0.0041992,0.0062891,0.00342,0.048412,0.053195,3.2578,2.9688,3.6875,1.8906,2.2578,2.0313,6.5469,7.7969,20,17,17,23,16,15,16,18
0.12057,0.10052,0.16615,0.096875,0.086198,0.073958,0.30208,0.43307,0.14603,0.14165,0.20829,0.11595,0.1155,0.093031,0.37224,0.49034,0.0070198,0.010303,0.016323,0.0041992,0.006114,0.0032948,0.048943,0.054707,3.25,2.9453,3.7109,1.8672,2.25,1.9609,6.8125,7.5859,20,16,18,22,16,14,17,17
0.11849,0.10469,0.17266,0.098177,0.091667,0.079167,0.30052,0.42005,0.14412,0.14639,0.21395,0.11625,0.1211,0.098965,0.37133,0.48134,0.0069626,0.010833,0.016515,0.0040102,0.0064779,0.0036484,0.04921,0.057149,3.1797,3.1016,3.6094,1.8438,2.375,2.1172,6.6875,7.1953,21,16,19,22,16,15,17,18
0.1237,0.10521,0.16536,0.097135,0.091406,0.082552,0.31042,0.42135,0.14747,0.14692,0.2091,0.11541,0.12107,0.10199,0.37793,0.48167,0.0066679,0.01088,0.016943,0.0040186,0.0065209,0.0037113,0.048074,0.056341,3.1563,3.0391,3.7266,1.7969,2.5234,2.1484,6.4766,7.125,21,16,18,21,15,15,17,18
0.12135,0.097656,0.15573,0.10391,0.096094,0.085677,0.29766,0.425,0.14628,0.13845,0.19782,0.12296,0.12611,0.10412,0.36682,0.48338,0.0069022,0.0099624,0.015393,0.0044709,0.0068997,0.0036221,0.047542,0.054858,3.2813,2.8906,3.6641,1.9531,2.6797,2.1406,6.2969,6.75,21,17,19,22,15,16,18,19
0.12891,0.10078,0.15104,0.10443,0.098437,0.09375,0.31719,0.42786,0.15698,0.13985,0.19332,0.12312,0.12719,0.11696,0.38568,0.48769,0.0083039,0.009725,0.015062,0.0044008,0.0067122,0.0050596,0.049799,0.05666,3.4844,2.9453,3.6172,2.0625,2.7344,2.2813,6.5859,7.0234,20,18,18,23,14,16,18,19
0.13437,0.1013,0.14844,0.10156,0.099219,0.098437,0.32786,0.44115,0.16035,0.13991,0.19131,0.12157,0.12774,0.12036,0.39834,0.50555,0.0079194,0.009633,0.015069,0.0046176,0.0066977,0.0049611,0.052943,0.063076,3.4375,3.0156,3.5703,2.0469,2.6797,2.2422,6.1484,6.8516,20,18,19,23,14,16,18,20
0.13333,0.10729,0.15052,0.10026,0.094792,0.09401,0.31771,0.46302,0.15908,0.14468,0.19309,0.12102,0.12515,0.11552,0.38217,0.52804,0.007787,0.0097443,0.015132,0.0047527,0.0069064,0.0046618,0.046674,0.066659,3.4141,3,3.2891,1.9922,2.6484,2.2188,5.7422,6.8125,20,18,18,23,13,16,18,20
0.13854,0.10885,0.13672,0.1,0.094531,0.09349,0.3237,0.46719,0.16755,0.14727,0.17087,0.12101,0.12512,0.1152,0.38686,0.5305,0.0091845,0.010178,0.010867,0.0048045,0.0069511,0.004687,0.046427,0.065343,3.5,2.9297,3.2422,1.9375,2.6406,2.2031,5.75,6.6563,21,17,18,22,13,17,19,20
0.14688,0.099479,0.15807,0.10625,0.079167,0.10521,0.27005,0.41667,0.19546,0.13517,0.21885,0.13671,0.091532,0.13255,0.33581,0.47798,0.017205,0.0086625,0.023697,0.0076551,0.0021835,0.0067254,0.041216,0.056743,3.4375,2.4297,3.6875,2.4141,1.8125,2.3438,6.9141,7.3125,12,18,23,18,15,16,14,15
0.15833,0.10599,0.18411,0.12135,0.076563,0.10625,0.28021,0.43906,0.20746,0.14052,0.26278,0.16272,0.089509,0.13359,0.34548,0.5078,0.018588,0.0088046,0.036367,0.012155,0.0022242,0.0067837,0.042248,0.067326,3.6406,2.4844,3.9141,2.8438,1.8516,2.3203,6.8203,8.125,12,18,23,17,15,16,14,16
0.16198,0.11042,0.19948,0.13542,0.073958,0.10208,0.28333,0.46484,0.2091,0.1438,0.27895,0.18365,0.088135,0.13063,0.34633,0.53803,0.018087,0.0087795,0.039335,0.015921,0.0023771,0.0068735,0.041032,0.075931,3.8359,2.5234,4.1953,2.8281,1.875,2.3828,7.1484,8.1094,13,18,23,17,15,15,14,17
0.18073,0.11432,0.21068,0.13516,0.073698,0.10312,0.29844,0.46354,0.23296,0.14643,0.28775,0.18364,0.087892,0.13157,0.35772,0.53759,0.02235,0.0086606,0.039742,0.015988,0.0023727,0.006905,0.040243,0.076687,4.2344,2.5313,4.3047,3.2344,1.8828,2.4609,6.9688,8.7969,13,18,23,17,16,16,15,17
0.18307,0.1151,0.21094,0.13464,0.072135,0.09974,0.27995,0.46849,0.23347,0.14666,0.28782,0.18346,0.085641,0.12964,0.34225,0.53877,0.021715,0.0085446,0.039669,0.016066,0.0022044,0.0070956,0.040098,0.073236,4.5469,2.5313,4.5391,3.2578,1.8984,2.5391,7.3359,8.2734,13,17,22,17,17,16,14,16
0.17917,0.11198,0.22292,0.13516,0.070573,0.098437,0.27109,0.45521,0.23143,0.14482,0.30117,0.18375,0.083476,0.12826,0.33365,0.52837,0.0222,0.0087231,0.042425,0.01603,0.0020562,0.0069942,0.039135,0.074442,4.3984,2.4531,4.8516,3.2656,1.8359,2.6328,7.2422,8.1641,13,18,22,16,17,16,15,16
0.18464,0.11823,0.23203,0.1375,0.070833,0.10026,0.28047,0.45703,0.23354,0.15044,0.30621,0.18479,0.083707,0.13084,0.34275,0.53016,0.021158,0.0089521,0.041302,0.015766,0.0020581,0.0073119,0.04015,0.074681,4.4844,2.625,5.0469,3.2344,1.8125,2.6719,7.4688,8.1719,12,17,21,16,17,16,15,16
0.19974,0.1375,0.23646,0.13958,0.072396,0.11016,0.27839,0.47031,0.24966,0.18622,0.30751,0.18523,0.08615,0.14855,0.34208,0.53938,0.023209,0.016314,0.03998,0.015338,0.0022559,0.010276,0.040883,0.072137,4.7344,2.9922,5.1797,3.2422,1.8047,2.8203,7.8594,7.8672,11,18,21,17,17,16,15,16
0.21693,0.14557,0.2513,0.14505,0.077865,0.11693,0.28203,0.48359,0.27279,0.19205,0.31989,0.189,0.092604,0.15921,0.34416,0.55633,0.028302,0.016233,0.040528,0.015186,0.0025992,0.012079,0.040243,0.078244,4.7734,3.3281,5.4844,3.3281,1.8125,2.7891,7.8281,7.9844,12,18,20,17,18,16,15,17
0.21458,0.14896,0.25104,0.15078,0.082292,0.12135,0.27552,0.46432,0.27155,0.19335,0.31988,0.1946,0.09787,0.16254,0.33947,0.54152,0.028648,0.015722,0.040657,0.015655,0.0029033,0.012096,0.040683,0.080321,5.2344,3.4297,5.7813,3.3281,1.7891,2.9375,7.9297,8.7266,11,18,20,17,17,16,14,17
0.21823,0.14948,0.24635,0.15,0.08151,0.13021,0.26432,0.45078,0.27416,0.19352,0.31804,0.19449,0.097338,0.17285,0.33362,0.52806,0.028488,0.015628,0.041856,0.015854,0.0029284,0.01337,0.042864,0.078256,5.3672,3.4063,5.7344,3.4531,1.9063,3.0391,7.9844,8.5078,11,17,20,17,17,15,14,18
0.21693,0.15417,0.25573,0.15286,0.081771,0.13437,0.27057,0.45573,0.27362,0.19838,0.3251,0.19763,0.097536,0.17491,0.34329,0.53175,0.028769,0.016126,0.041685,0.01623,0.0029244,0.012971,0.046174,0.077655,5.4219,3.5,5.9375,3.6094,1.875,3.1719,8.5469,8.4688,11,17,20,18,17,16,14,19
0.22396,0.15443,0.24948,0.15573,0.095573,0.14583,0.26901,0.45599,0.27711,0.19842,0.32254,0.19949,0.12514,0.19012,0.34165,0.53182,0.027551,0.016057,0.043234,0.016079,0.0067504,0.015391,0.045884,0.077487,5.5391,3.7344,6.1797,3.6094,2.0859,3.375,8.6875,8.1875,12,17,19,18,18,15,14,19
0.2362,0.15469,0.2487,0.15391,0.091146,0.15234,0.26302,0.46328,0.2851,0.19844,0.32177,0.19816,0.12192,0.1937,0.33896,0.54337,0.026374,0.015984,0.043125,0.016118,0.0067826,0.014803,0.047293,0.0834,5.5313,3.6328,6.1953,3.5,2.3359,3.3828,8.8203,8.625,12,17,19,18,19,15,14,20
0.23438,0.15443,0.25573,0.16823,0.094792,0.15703,0.27109,0.46745,0.28443,0.19828,0.32576,0.21365,0.12354,0.20039,0.34423,0.54665,0.026864,0.016003,0.042127,0.017943,0.0064939,0.016031,0.046552,0.083092,5.7969,3.6172,5.8438,3.7422,2.2656,3.5156,8.6953,9.0078,13,17,19,18,19,15,14,20
0.23203,0.15651,0.25521,0.17422,0.091667,0.15417,0.26432,0.47344,0.28382,0.19878,0.32506,0.21852,0.12074,0.1982,0.33614,0.5507,0.027635,0.015534,0.04193,0.018,0.0063895,0.01605,0.044611,0.081861,5.7578,3.3359,5.9688,3.9063,2.1875,3.6875,8.7188,8.9609,13,16,19,19,19,15,13,20
0.2263,0.1474,0.24349,0.17578,0.095052,0.15026,0.25755,0.47005,0.28176,0.18942,0.31577,0.21936,0.12302,0.19688,0.32818,0.5488,0.029147,0.014643,0.04182,0.017813,0.0063101,0.016743,0.042794,0.083004,5.7031,3.2344,6.0313,3.9141,2.2344,3.7109,8.2656,8.9453,12,15,18,18,19,14,12,20
0.22839,0.14531,0.24688,0.16901,0.097917,0.15339,0.26432,0.48698,0.2828,0.18735,0.31782,0.21596,0.1242,0.19837,0.33075,0.56084,0.028774,0.014466,0.041443,0.018696,0.0060393,0.016368,0.04089,0.080063,5.7813,3.1094,6.1172,3.8438,2.1484,3.8125,8,9.1094,13,15,17,17,18,15,13,20
0.23594,0.1513,0.25104,0.17995,0.098177,0.16172,0.25938,0.49688,0.28663,0.1902,0.32149,0.22449,0.12449,0.20419,0.32657,0.56987,0.027404,0.013741,0.041722,0.018637,0.0060601,0.016076,0.040731,0.080548,5.6953,3.0625,6.0078,4.0156,2.0781,3.8906,7.6797,8.8984,13,15,17,17,19,15,13,20
0.23464,0.16849,0.26224,0.18411,0.10156,0.17188,0.27214,0.51328,0.2858,0.21784,0.32755,0.22866,0.12628,0.21461,0.33426,0.58089,0.027544,0.019724,0.039848,0.019021,0.0058257,0.017086,0.038974,0.07653,5.7422,3.3359,5.9766,3.8281,2.0469,3.9375,7.6797,8.5625,13,15,18,17,20,16,13,21
0.24453,0.16667,0.27813,0.17422,0.10078,0.17266,0.27448,0.52214,0.29927,0.21637,0.34074,0.21757,0.12592,0.21468,0.33588,0.59058,0.030796,0.019693,0.040084,0.01757,0.0058945,0.016839,0.038767,0.078782,6.0391,3.7656,6.1094,3.8516,2.0859,4.2422,7.7578,8.5313,13,15,19,16,20,17,13,21
0.047656,0.091667,0.084896,0.05651,0.038802,0.045052,0.18646,0.24635,0.066245,0.15481,0.13037,0.081826,0.050085,0.055518,0.26052,0.33432,0.0021903,0.0161,0.010127,0.0036229,0.0010375,0.0010889,0.034246,0.052838,1.2422,2.2734,2.1016,1.1953,1.1641,0.99219,4.1406,6.4297,8,11,14,16,16,11,15,16
0.047656,0.092708,0.08724,0.060677,0.036198,0.047135,0.18828,0.25964,0.066245,0.15502,0.13114,0.084949,0.048011,0.056965,0.26148,0.34244,0.0021903,0.015969,0.0099175,0.0036566,0.0010291,0.0010586,0.034055,0.051575,1.3594,2.2813,2.1094,1.2188,1.1328,0.96875,4.1953,6.5703,9,12,15,17,15,11,15,17
0.04974,0.092708,0.089583,0.061719,0.03776,0.048958,0.19818,0.27656,0.067462,0.15502,0.13177,0.085141,0.049513,0.059052,0.26703,0.35589,0.0021488,0.015969,0.0096593,0.0035583,0.0010611,0.0011278,0.033138,0.051899,1.4141,2.3047,2.0938,1.3047,1.1953,0.96094,4.3125,6.6797,10,12,15,17,15,11,16,18
0.050781,0.096354,0.091406,0.06276,0.038021,0.048958,0.20365,0.28307,0.067703,0.15648,0.13247,0.085427,0.049616,0.059052,0.26903,0.35838,0.0020741,0.015727,0.0095095,0.0034747,0.0010512,0.0011278,0.03197,0.049972,1.4297,2.3984,2.0938,1.3047,1.2109,1.0234,4.4063,6.9609,11,13,15,18,14,10,15,19
0.05026,0.097917,0.092188,0.0625,0.03724,0.048698,0.20729,0.28854,0.067583,0.15687,0.13263,0.085391,0.049059,0.058931,0.27029,0.35999,0.0021117,0.01554,0.0094053,0.0035022,0.0010552,0.0011394,0.031127,0.047931,1.4375,2.4453,2.125,1.3203,1.1641,1.0391,4.4063,6.9922,11,14,15,18,15,11,14,20
0.052083,0.098177,0.091667,0.0625,0.038281,0.050521,0.23125,0.30599,0.068525,0.15689,0.13257,0.085391,0.04939,0.060717,0.30602,0.37282,0.0020513,0.015493,0.0094875,0.0035022,0.0010075,0.0011733,0.041557,0.04693,1.4844,2.4844,2.1328,1.3281,1.1328,1.0703,5.0078,7.3047,11,14,16,18,15,11,14,21
0.051823,0.098958,0.09401,0.063802,0.0375,0.048698,0.23333,0.31719,0.06848,0.15695,0.13319,0.085926,0.048956,0.059652,0.30645,0.37899,0.002073,0.015353,0.0092078,0.0034267,0.0010245,0.0012278,0.040825,0.044508,1.5234,2.4766,2.1953,1.3438,1.1406,1.1484,5.6719,7.4141,11,14,16,18,15,11,14,20
0.052604,0.10156,0.097656,0.064844,0.03724,0.049219,0.24115,0.33047,0.068614,0.15786,0.13468,0.086398,0.048726,0.060263,0.31099,0.38885,0.0020076,0.015107,0.0088975,0.0033723,0.0010215,0.0012508,0.039895,0.043445,1.5234,2.5313,2.2344,1.3359,1.125,1.1719,5.8047,7.4844,12,15,17,18,14,10,13,20
0.052344,0.10417,0.098177,0.065625,0.03724,0.049479,0.24349,0.3276,0.068569,0.1585,0.13471,0.086645,0.048726,0.060347,0.31226,0.38825,0.0020295,0.014763,0.0088004,0.0033111,0.0010215,0.0012347,0.039534,0.044909,1.5,2.5391,2.2891,1.3516,1.1484,1.2031,5.7891,7.8828,13,16,18,18,14,10,14,20
0.052865,0.10521,0.098177,0.066927,0.03776,0.048958,0.24583,0.32813,0.069042,0.15865,0.13471,0.087172,0.048976,0.060077,0.3127,0.38836,0.0020402,0.014588,0.0088004,0.0032272,0.0010064,0.0012541,0.038632,0.044648,1.5391,2.5547,2.2891,1.3594,1.1719,1.1953,5.8594,7.7578,14,17,19,18,14,10,15,20
0.052344,0.10677,0.1,0.066667,0.0375,0.048177,0.24688,0.32083,0.068865,0.15919,0.13529,0.087113,0.048914,0.059822,0.31296,0.38557,0.0020716,0.014423,0.0085887,0.0032527,0.0010203,0.001301,0.038269,0.047304,1.5859,2.5625,2.3047,1.3906,1.1875,1.1797,5.8047,7.7188,14,18,19,17,13,10,15,20
0.053906,0.10938,0.10078,0.067969,0.0375,0.049479,0.2526,0.31849,0.069921,0.15983,0.13553,0.087637,0.048914,0.060246,0.31467,0.38478,0.0020514,0.014051,0.0084959,0.003166,0.0010203,0.0012221,0.03642,0.048229,1.6016,2.5313,2.3203,1.4219,1.1563,1.1484,5.7344,7.7656,13,18,18,17,12,10,15,20
0.052604,0.1099,0.10703,0.06875,0.036458,0.047656,0.25391,0.32188,0.069116,0.15996,0.14118,0.08795,0.048412,0.059172,0.31543,0.3866,0.0020791,0.013975,0.0087686,0.0031124,0.0010495,0.0012727,0.036233,0.047437,1.6484,2.5469,2.4141,1.4141,1.125,1.1797,5.7109,7.4922,13,18,18,17,12,9,14,19
0.051302,0.10938,0.11068,0.071354,0.03724,0.046094,0.25234,0.31849,0.068302,0.15993,0.14516,0.090234,0.048726,0.058132,0.31496,0.38181,0.0021033,0.014084,0.0091262,0.0031559,0.0010215,0.0012979,0.036748,0.045876,1.625,2.5547,2.3594,1.4531,1.0859,1.1328,5.5469,7.4141,14,18,18,18,11,9,14,20
0.048958,0.11849,0.10703,0.069271,0.039063,0.04375,0.24063,0.31198,0.066536,0.17049,0.14239,0.089327,0.052252,0.054725,0.30597,0.37867,0.0021002,0.015545,0.0091222,0.0032906,0.001246,0.001118,0.036947,0.047649,1.6094,2.8438,2.4375,1.4922,1.1328,1.0703,5.2109,7.7734,13,18,18,18,10,8,14,19
0.053906,0.12344,0.10156,0.065104,0.042188,0.045052,0.25052,0.32083,0.076027,0.1753,0.1361,0.085605,0.056301,0.055738,0.31296,0.3893,0.0029733,0.016027,0.0084902,0.0031963,0.0014379,0.0011141,0.036398,0.050297,1.7969,2.6875,2.375,1.4141,1.1016,1.0391,5.3438,8.0859,14,18,17,17,11,8,15,19
0.05599,0.11484,0.098437,0.060677,0.040625,0.04401,0.24453,0.31901,0.07876,0.16484,0.13356,0.076878,0.055206,0.054706,0.31003,0.38881,0.0031742,0.014464,0.0084296,0.0023054,0.0014455,0.0010922,0.037577,0.051106,1.8281,2.6406,2.2109,1.3594,1.1641,1.0313,5.4531,8.5547,14,18,17,17,12,9,15,19
0.058594,0.11094,0.090365,0.059375,0.040885,0.041406,0.24661,0.32474,0.080801,0.16325,0.11987,0.075611,0.055335,0.051645,0.31056,0.39133,0.0032022,0.01484,0.0064179,0.0022671,0.0014383,0.00098561,0.036855,0.049328,1.8281,2.5859,1.9141,1.3203,1.1172,0.96094,5.2109,8.6797,14,18,16,17,13,10,16,19
0.059115,0.10312,0.096875,0.063021,0.039063,0.041927,0.23724,0.33021,0.081202,0.15677,0.12547,0.078928,0.05337,0.051881,0.3046,0.39443,0.0032062,0.014423,0.0065775,0.0023359,0.001368,0.00096597,0.03776,0.048142,1.8359,2.4219,1.6484,1.2031,1.0469,0.96094,4.9141,8.2578,14,17,17,17,13,10,15,20
0.0625,0.092188,0.091146,0.059375,0.040365,0.04349,0.23125,0.32474,0.084553,0.13761,0.11109,0.071745,0.05422,0.053274,0.29262,0.38705,0.0033548,0.010799,0.0041728,0.0016778,0.0013558,0.00097944,0.033256,0.04588,1.8984,2.4688,1.4453,1.125,0.95313,0.91406,5.1641,7.875,13,17,16,18,12,11,14,20
0.066146,0.077344,0.085938,0.058073,0.038542,0.042969,0.22865,0.33828,0.088181,0.10998,0.10661,0.070385,0.05055,0.052272,0.28863,0.39703,0.0035179,0.0063239,0.0041167,0.0016361,0.0011068,0.00091658,0.032096,0.044691,1.875,2.1719,1.6016,1.1172,0.90625,0.88281,5.1172,7.4375,14,16,17,19,11,12,15,20
0.18984,0.21146,0.13802,0.13099,0.086719,0.098958,0.22708,0.33203,0.23448,0.26765,0.18785,0.16652,0.12833,0.1261,0.29413,0.40832,0.019595,0.027849,0.016797,0.010934,0.0092578,0.0063196,0.036149,0.058424,4.375,6.0391,3.6563,3.3984,1.8047,2.5234,5.3203,8.7266,18,18,14,19,15,13,17,17
0.18568,0.20885,0.1487,0.1276,0.091667,0.10078,0.23099,0.33464,0.23056,0.26528,0.2001,0.16062,0.13408,0.12829,0.29553,0.40886,0.019328,0.027676,0.018548,0.0098428,0.0099043,0.0065175,0.035151,0.057091,4.4453,5.8984,4.0078,3.5938,1.8984,2.4297,5.2891,8.7656,19,17,15,18,16,13,17,17
0.18177,0.2125,0.15547,0.11849,0.09375,0.10156,0.23724,0.35417,0.22716,0.26721,0.20506,0.14936,0.13505,0.12845,0.29914,0.42836,0.019203,0.027148,0.018497,0.0085537,0.009774,0.0063982,0.034346,0.060064,4.2656,5.6328,4.1016,3.5234,2.0156,2.5703,5.3828,9.0469,19,17,15,18,16,14,17,18
0.18359,0.20651,0.16042,0.11927,0.092708,0.10234,0.2388,0.35781,0.22788,0.26109,0.20703,0.14983,0.1348,0.12862,0.29971,0.43247,0.018852,0.026404,0.01772,0.0085068,0.0099076,0.0062776,0.03393,0.061033,4.0703,5.5703,4.0859,3.5078,2.0625,2.4609,4.8828,9.2031,20,17,14,18,16,14,17,18
0.17943,0.19896,0.16953,0.12135,0.092969,0.10234,0.22057,0.37031,0.22385,0.25619,0.21793,0.15048,0.13484,0.12862,0.27127,0.44952,0.018531,0.026947,0.019397,0.0081902,0.0098681,0.0062776,0.025798,0.067175,4.0625,5.4453,4.0391,3.4063,2.0313,2.5469,4.6484,9.125,21,18,14,17,16,14,17,18
0.17891,0.20443,0.16771,0.11953,0.09401,0.098958,0.21068,0.3888,0.22332,0.2586,0.2148,0.1491,0.13538,0.12665,0.26022,0.46422,0.01848,0.025947,0.018634,0.0082172,0.0098182,0.0064627,0.024134,0.066552,3.9297,5.5469,3.7344,3.3438,2.0391,2.5625,4.3984,9.0938,21,18,14,17,16,15,16,18
0.16719,0.20755,0.17396,0.11875,0.095573,0.098437,0.20495,0.39375,0.20957,0.26001,0.21885,0.14879,0.13691,0.12652,0.25832,0.46783,0.01652,0.025372,0.018243,0.0083151,0.0099411,0.0065354,0.025579,0.066026,3.8281,5.5391,3.6484,3.3125,1.9063,2.4453,4.4219,9.2031,20,19,15,17,17,15,15,18
0.16901,0.20859,0.16849,0.11953,0.085156,0.097656,0.20417,0.39271,0.21143,0.2602,0.21481,0.14885,0.12445,0.12563,0.25821,0.46753,0.016696,0.025025,0.018368,0.0081415,0.0085211,0.0064603,0.025853,0.066587,3.9844,5.625,3.7891,3.2891,1.9766,2.4844,4.3125,9.5,19,19,16,17,16,14,15,19
0.17031,0.21641,0.16146,0.12083,0.075781,0.096354,0.22135,0.40807,0.21275,0.26415,0.20977,0.14943,0.10322,0.12493,0.28586,0.47982,0.016818,0.023737,0.018552,0.0079966,0.0050813,0.0065427,0.033844,0.065904,3.8125,5.2734,3.5938,3.1953,1.8984,2.3203,4.8359,9.8672,18,18,16,17,16,14,15,18
0.1724,0.20521,0.1612,0.11432,0.070573,0.085938,0.23099,0.41719,0.21321,0.24722,0.20973,0.14477,0.096709,0.10893,0.29172,0.48755,0.016281,0.019661,0.018624,0.0081597,0.0045228,0.0046345,0.03284,0.065857,3.7188,4.8359,3.6016,3.1406,1.8594,2.1328,5.2031,9.7578,19,19,15,18,16,14,16,19
0.16406,0.21719,0.16432,0.11276,0.06849,0.084375,0.23542,0.40547,0.20764,0.25977,0.21113,0.14426,0.095353,0.10746,0.29332,0.48103,0.016757,0.02101,0.018178,0.0083752,0.0045532,0.0045814,0.03167,0.069295,3.7266,4.6328,3.7109,3.1406,1.8203,2.1719,5.1484,10.023,20,20,16,17,17,15,17,19
0.1651,0.20365,0.17161,0.11589,0.06849,0.079948,0.23724,0.41901,0.20878,0.24293,0.21619,0.14644,0.095353,0.10436,0.29499,0.49384,0.016891,0.01815,0.017883,0.0082927,0.0045532,0.0046542,0.031795,0.07066,3.8359,4.5469,3.7969,3.2422,1.8047,2.125,5.1953,10.578,20,19,15,17,16,15,17,19
0.1651,0.20755,0.17448,0.11667,0.069271,0.079167,0.2349,0.43307,0.20878,0.24537,0.21686,0.14692,0.095959,0.10427,0.29396,0.50658,0.016891,0.01772,0.017159,0.00825,0.0045618,0.0047638,0.032315,0.071448,3.7734,4.5781,3.4844,3.25,1.8203,2.125,5.1953,10.43,19,20,16,18,15,15,17,20
0.15964,0.21484,0.16042,0.11354,0.06901,0.08125,0.225,0.45026,0.20286,0.24929,0.19834,0.14542,0.095885,0.1052,0.2865,0.51837,0.016209,0.016537,0.014075,0.0085396,0.0045843,0.0046202,0.032544,0.068244,3.5859,4.2266,3.3438,3.2266,1.8359,2.1875,5.1875,9.7031,19,20,16,18,16,15,16,20
0.17031,0.21406,0.15885,0.10807,0.069792,0.085938,0.22161,0.44427,0.21465,0.24805,0.19605,0.14018,0.096614,0.10829,0.28311,0.50921,0.017656,0.016246,0.013656,0.0082464,0.0046173,0.0044913,0.032111,0.064056,3.6797,4.1563,3.3906,3.0938,1.8984,2.2031,5.1406,9.1484,18,20,16,18,15,16,16,19
0.18047,0.22266,0.16536,0.10677,0.06901,0.085677,0.23021,0.46797,0.23188,0.25904,0.20431,0.13986,0.096203,0.10819,0.29072,0.53596,0.021932,0.018128,0.014893,0.0084411,0.0046474,0.0045144,0.032608,0.070613,3.6406,4.0547,3.3359,3.0859,1.9141,2.2266,5.2891,9.2969,18,20,17,18,15,16,16,20
0.18203,0.22396,0.17552,0.10964,0.069531,0.082812,0.22604,0.47943,0.23236,0.25925,0.21249,0.14089,0.09633,0.10599,0.28982,0.54671,0.021573,0.017643,0.014841,0.0081008,0.0045981,0.0045275,0.034036,0.071422,3.8984,3.9922,3.2578,3.0078,1.9063,2.1016,5.25,9.5234,18,19,17,17,15,16,15,20
0.18021,0.20833,0.17188,0.11016,0.072656,0.084896,0.20938,0.47917,0.23079,0.24422,0.21128,0.14153,0.098831,0.10661,0.27221,0.54653,0.021505,0.016801,0.015621,0.0081676,0.0046435,0.0043008,0.031306,0.07148,3.7969,3.6484,3.5,3.0938,1.8984,2.0234,4.9844,9.6719,18,19,17,17,14,17,14,21
0.18438,0.21016,0.17917,0.11016,0.069792,0.083854,0.20703,0.48281,0.23275,0.24501,0.21714,0.14153,0.096192,0.10576,0.27049,0.5483,0.020877,0.016409,0.015566,0.0081676,0.0045332,0.0042974,0.03135,0.069855,3.6719,3.6875,3.6563,3.0313,1.7969,1.9297,4.9453,9.1797,18,19,18,18,13,17,13,20
0.17865,0.20495,0.19167,0.11172,0.06224,0.079948,0.21823,0.48047,0.23063,0.24317,0.23692,0.14273,0.079018,0.10028,0.2805,0.54524,0.022009,0.01772,0.020065,0.0081625,0.0024519,0.0037913,0.032125,0.068725,3.7109,3.7031,3.7656,3.0547,1.5938,1.9297,5.0234,8.9766,17,19,18,18,13,17,13,21
0.17839,0.2125,0.20026,0.11172,0.061198,0.079948,0.22005,0.49323,0.23059,0.24833,0.24211,0.14273,0.078294,0.10028,0.28229,0.55403,0.022087,0.017083,0.01915,0.0081625,0.002467,0.0037913,0.032345,0.065875,3.6172,3.7734,3.9844,2.8438,1.6172,1.9531,4.9141,8.4375,16,19,18,18,12,18,13,21
0.04401,0.061979,0.067448,0.014323,0.018229,0.041146,0.16693,0.11875,0.076214,0.13726,0.14557,0.017872,0.028952,0.056083,0.2633,0.21703,0.0040051,0.015515,0.017214,0.00011821,0.00052336,0.0015024,0.042891,0.034139,1.2578,1.4609,1.2188,0.35156,0.5,0.94531,2.6328,2.8906,7,8,12,5,8,12,16,15
0.044531,0.071094,0.069531,0.016406,0.019531,0.042708,0.16823,0.12005,0.076374,0.14654,0.14612,0.021204,0.030492,0.057161,0.26339,0.21724,0.0039826,0.016986,0.017087,0.00018668,0.00056721,0.0014932,0.042492,0.033912,1.3281,1.6719,1.75,0.38281,0.53125,0.95313,2.875,3.2422,7,9,12,5,8,12,17,16
0.047917,0.073438,0.074219,0.017969,0.020313,0.043229,0.16745,0.13333,0.079263,0.14735,0.1491,0.023394,0.030988,0.057657,0.26331,0.2291,0.004124,0.016882,0.017299,0.00023214,0.00056657,0.0015058,0.042719,0.035905,1.4063,1.8594,1.8281,0.38281,0.55469,0.94531,2.7813,3.5547,8,10,12,5,9,13,17,16
0.053906,0.072917,0.079167,0.020573,0.022917,0.049219,0.17813,0.1362,0.086327,0.1473,0.15281,0.028846,0.034705,0.069775,0.27585,0.23002,0.0047033,0.016944,0.017674,0.00042297,0.00070268,0.0025304,0.045892,0.035546,1.4766,1.9141,1.8438,0.41406,0.58594,1.0938,3.1016,3.8125,8,11,12,6,9,13,17,16
0.054427,0.073958,0.083333,0.020313,0.022396,0.048958,0.19089,0.14036,0.086421,0.14741,0.15535,0.028669,0.034351,0.069615,0.28526,0.23129,0.0046618,0.016819,0.017782,0.00042346,0.00070183,0.0025337,0.046486,0.03496,1.6406,1.9297,1.8438,0.47656,0.64844,1.2578,3.1563,3.7969,8,11,13,6,9,14,18,16
0.055208,0.073698,0.083333,0.020313,0.022656,0.04974,0.20651,0.14922,0.086598,0.1474,0.15535,0.028669,0.034558,0.070095,0.29987,0.23778,0.0046047,0.016857,0.017782,0.00042346,0.00070443,0.0025234,0.048903,0.035457,1.6406,1.9609,1.9688,0.47656,0.64844,1.25,3.2422,3.9375,9,10,13,7,10,15,18,17
0.056771,0.076823,0.084375,0.020052,0.023438,0.051302,0.21172,0.15599,0.0873,0.14855,0.15566,0.028563,0.034997,0.070788,0.30149,0.24088,0.00455,0.016724,0.017702,0.00042802,0.00069875,0.0024611,0.047659,0.034851,1.6563,2.0625,2.0156,0.47656,0.64844,1.2266,3.5703,4.0234,10,10,13,7,10,15,19,18
0.058333,0.078125,0.085156,0.019792,0.024479,0.052344,0.22943,0.16276,0.087718,0.14879,0.1558,0.028456,0.035688,0.071475,0.31801,0.24372,0.0044397,0.016589,0.017609,0.00043244,0.00069762,0.0024505,0.050169,0.034041,1.6641,2.1172,2.0313,0.46875,0.64844,1.2266,3.9453,4.0234,11,11,13,7,11,15,18,19
0.058594,0.078646,0.089063,0.020573,0.025781,0.051302,0.25443,0.16927,0.087753,0.14885,0.15746,0.028987,0.036393,0.071132,0.34849,0.24652,0.0044145,0.016521,0.017442,0.00043139,0.00068254,0.0025116,0.058668,0.033226,1.6797,2.125,2.1094,0.48438,0.625,1.2734,4.1406,3.9922,12,11,14,7,12,15,18,20
0.059115,0.080208,0.090104,0.020313,0.026302,0.051823,0.25495,0.16979,0.087938,0.14934,0.15756,0.028882,0.036838,0.071418,0.3486,0.24662,0.0043848,0.016416,0.017282,0.00043609,0.00068815,0.0024982,0.05847,0.033093,1.6875,2.1719,2.1875,0.49219,0.60156,1.3125,4.8438,4.1094,11,12,15,8,13,15,17,21
0.060677,0.082031,0.091927,0.020833,0.026562,0.052344,0.25625,0.18333,0.088492,0.14996,0.15806,0.029022,0.036865,0.071702,0.3489,0.25794,0.0042922,0.016302,0.017101,0.00042234,0.00067602,0.0024841,0.058002,0.034056,1.6953,2.1641,2.2266,0.48438,0.625,1.3125,4.8203,4.4609,11,12,16,8,13,15,18,22
0.063021,0.082031,0.092188,0.020573,0.027344,0.053385,0.25729,0.18776,0.089418,0.14996,0.15809,0.028917,0.037277,0.07238,0.349,0.25908,0.0041627,0.016302,0.017062,0.00042718,0.00066402,0.0024712,0.057516,0.032965,1.6953,2.2188,2.2656,0.48438,0.64063,1.3125,4.8203,4.7422,11,12,16,9,12,15,17,22
0.065104,0.082292,0.096615,0.020573,0.027604,0.053125,0.28229,0.19323,0.090504,0.15001,0.16015,0.028917,0.037413,0.072338,0.37956,0.2608,0.0040887,0.016272,0.016877,0.00042718,0.00065974,0.0024936,0.066595,0.031738,1.7031,2.2188,2.375,0.47656,0.64844,1.3516,5.5391,4.7656,11,12,16,10,13,15,18,22
0.067969,0.083594,0.099219,0.021354,0.027865,0.05651,0.30599,0.2013,0.09234,0.15017,0.16104,0.029232,0.037549,0.07608,0.40206,0.26476,0.0040416,0.016101,0.016644,0.00041223,0.00065532,0.0026842,0.070368,0.030596,1.7188,2.2266,2.4141,0.46875,0.63281,1.4453,5.6016,4.8516,12,13,15,11,13,16,18,22
0.072656,0.084635,0.10052,0.022135,0.028646,0.060417,0.31641,0.2099,0.096224,0.15028,0.16126,0.029749,0.037792,0.079031,0.40729,0.26916,0.0041173,0.015954,0.016449,0.00040865,0.00062859,0.0026853,0.068038,0.029372,1.7578,2.2266,2.4609,0.47656,0.625,1.4531,5.9297,4.8594,12,13,15,11,13,17,18,22
0.07474,0.086198,0.10052,0.021875,0.029167,0.061719,0.3375,0.21589,0.096898,0.15061,0.16126,0.029715,0.038007,0.07948,0.42375,0.2715,0.0039344,0.015779,0.016449,0.00041841,0.00061428,0.0025944,0.067919,0.02804,1.8438,2.25,2.5,0.50781,0.625,1.4531,6.1172,4.9297,13,13,15,11,14,17,19,21
0.075781,0.086979,0.10339,0.022396,0.029948,0.060937,0.33828,0.21849,0.097066,0.15071,0.16216,0.029988,0.038406,0.078825,0.42396,0.27202,0.0038059,0.01567,0.016146,0.00041139,0.00059807,0.0025862,0.067556,0.027165,1.8516,2.2656,2.5859,0.52344,0.625,1.3906,6.5391,4.9844,13,14,16,11,13,18,19,21
0.077604,0.088802,0.10495,0.021875,0.029687,0.061719,0.34714,0.21771,0.098015,0.15123,0.16246,0.029852,0.038326,0.079018,0.42688,0.27188,0.0037081,0.015501,0.01591,0.00042683,0.00060783,0.0025186,0.063854,0.027435,1.875,2.3047,2.6016,0.54688,0.64063,1.3828,6.5859,4.9922,13,14,17,10,13,18,19,21
0.080729,0.089583,0.10651,0.021875,0.029687,0.060677,0.35677,0.22031,0.099498,0.15137,0.16299,0.029852,0.038326,0.078709,0.43258,0.2733,0.0034993,0.015401,0.015745,0.00042683,0.00060783,0.0026,0.061899,0.027055,1.8594,2.3281,2.625,0.55469,0.61719,1.3984,6.5938,5.0703,13,14,18,9,13,19,18,21
0.088802,0.094271,0.10755,0.021615,0.029427,0.064323,0.35573,0.22396,0.11117,0.15424,0.16329,0.029681,0.03814,0.082594,0.43207,0.27641,0.0046281,0.015418,0.015615,0.00042802,0.00060902,0.0027768,0.062213,0.027147,2.0156,2.4297,2.6406,0.53906,0.60938,1.5313,6.7578,5.0391,13,15,19,9,13,20,17,21
0.091927,0.098698,0.1112,0.021354,0.029948,0.063542,0.3612,0.22656,0.1127,0.15614,0.16519,0.029646,0.038353,0.082409,0.43645,0.27721,0.0043974,0.015143,0.015438,0.00043749,0.00059387,0.0028486,0.06209,0.026397,2.1172,2.4531,2.7109,0.55469,0.60938,1.6484,6.75,5.1406,12,16,20,9,13,19,18,21
0.023177,0.058073,0.024219,0.018229,0.058333,0.034635,0.12214,0.13932,0.038247,0.11882,0.037926,0.024869,0.079314,0.048935,0.1843,0.22799,0.00095755,0.011115,0.00088122,0.00029606,0.0029875,0.0012362,0.019706,0.033692,0.66406,1.4219,0.70313,0.35938,1.3828,0.92188,2.9297,2.0703,9,7,4,9,14,10,22,14
0.023438,0.059115,0.024479,0.017969,0.059635,0.039063,0.12552,0.14635,0.038379,0.11902,0.03806,0.024746,0.080143,0.055243,0.18523,0.23146,0.00095552,0.01104,0.00087863,0.00029949,0.0029654,0.0015785,0.019194,0.033262,0.75,1.4766,0.74219,0.375,1.4141,0.89063,2.875,2.3125,9,8,4,9,14,11,23,14
0.02474,0.060417,0.023958,0.017708,0.059635,0.039323,0.12578,0.15156,0.039296,0.11924,0.037738,0.02454,0.080143,0.055482,0.18531,0.23321,0.00096429,0.010931,0.00087947,0.00029858,0.0029654,0.0015847,0.019158,0.032498,0.76563,1.4766,0.73438,0.375,1.4297,0.95313,2.8594,2.3359,10,9,4,9,14,11,24,15
0.025,0.060677,0.026823,0.017188,0.059375,0.041146,0.14349,0.1599,0.039425,0.11924,0.041951,0.024374,0.079978,0.057126,0.20916,0.239,0.00096141,0.010901,0.0010763,0.00030896,0.0029701,0.0016245,0.023957,0.032642,0.77344,1.4844,0.8125,0.38281,1.4531,0.96875,3.2734,2.4297,10,9,4,9,13,11,25,15
0.029687,0.060937,0.03099,0.017188,0.059375,0.041146,0.15156,0.16224,0.047048,0.1193,0.048433,0.024374,0.079978,0.057126,0.21584,0.23934,0.0013781,0.010883,0.0014332,0.00030896,0.0029701,0.0016245,0.024429,0.032032,0.875,1.4844,0.82031,0.39063,1.4063,1.0234,3.4609,2.6094,10,10,5,9,14,11,24,15
0.033333,0.061458,0.031771,0.017188,0.059635,0.046615,0.15964,0.1737,0.052213,0.11934,0.049122,0.024374,0.079991,0.065161,0.22061,0.24924,0.0016708,0.010825,0.0014519,0.00030896,0.0029401,0.0021446,0.023983,0.03305,0.875,1.4922,0.86719,0.38281,1.4219,1.1641,3.5,2.9063,11,10,6,10,15,12,24,15
0.034375,0.061458,0.033333,0.018229,0.0625,0.047135,0.16302,0.17448,0.052524,0.11934,0.049861,0.025033,0.082335,0.065411,0.22162,0.24935,0.0016315,0.010825,0.0014225,0.00030447,0.0029718,0.0021277,0.023319,0.032826,0.95313,1.4922,0.86719,0.39063,1.4922,1.2734,3.6172,3.2422,11,10,7,10,15,12,23,15
0.034375,0.0625,0.033594,0.018229,0.063021,0.047917,0.16849,0.18047,0.052524,0.11961,0.049923,0.025033,0.082729,0.065551,0.2244,0.25205,0.0016315,0.010759,0.0014108,0.00030447,0.0029715,0.0020699,0.022725,0.03203,0.96875,1.5156,0.89844,0.40625,1.5234,1.2656,3.6953,3.3984,11,11,7,11,16,13,22,14
0.035677,0.07474,0.034115,0.017969,0.061719,0.049219,0.1724,0.18047,0.053389,0.13712,0.050085,0.02491,0.08205,0.066399,0.22596,0.25205,0.0016319,0.013671,0.0013911,0.00030791,0.0030238,0.0020548,0.022073,0.03203,1,1.8359,0.89844,0.39844,1.5625,1.2969,3.7188,3.5625,11,12,8,12,15,12,21,14
0.038021,0.084375,0.039844,0.01875,0.061719,0.05,0.17682,0.18307,0.055243,0.14692,0.059104,0.025275,0.08205,0.06672,0.22741,0.25254,0.0016616,0.014966,0.0019714,0.00029718,0.0030238,0.0020188,0.021154,0.031303,1.0234,1.9141,1.0391,0.39844,1.5859,1.3125,3.7109,3.6172,10,13,9,13,14,11,21,15
0.040885,0.091406,0.041927,0.019792,0.065625,0.052083,0.17734,0.19245,0.057816,0.15189,0.060465,0.026532,0.087625,0.068406,0.22748,0.25771,0.0017287,0.015222,0.0019636,0.000323,0.0034878,0.0020345,0.020997,0.030389,1.0391,1.9844,1.1328,0.41406,1.6875,1.3594,3.7969,3.7969,11,13,9,13,14,12,21,15
0.041667,0.10234,0.046354,0.020833,0.071875,0.053646,0.1849,0.20104,0.058079,0.1638,0.065146,0.027437,0.096635,0.069468,0.23147,0.26248,0.0016936,0.016919,0.0021675,0.00032973,0.0043162,0.0020151,0.020059,0.029461,1.0859,2.1016,1.1719,0.42188,1.6797,1.3516,3.9453,3.7969,12,14,10,13,15,13,22,15
0.042969,0.10469,0.05625,0.021615,0.069531,0.055208,0.19245,0.20104,0.059035,0.1643,0.08744,0.027987,0.095204,0.071032,0.23688,0.26248,0.0016953,0.016587,0.0046361,0.00032699,0.004375,0.0020665,0.019735,0.029461,1.0938,2.3516,1.3359,0.42969,1.7891,1.3359,3.9375,4.0391,12,15,11,13,15,12,22,16
0.044792,0.11068,0.057292,0.022917,0.069792,0.053385,0.19661,0.2112,0.059873,0.1681,0.087625,0.029232,0.095214,0.069512,0.23989,0.26949,0.0016329,0.01656,0.0045475,0.00034067,0.0043395,0.0020503,0.01954,0.028987,1.1016,2.4688,1.6172,0.4375,1.8047,1.3359,3.9141,4.3438,13,15,12,14,16,13,22,15
0.046875,0.11771,0.058333,0.023438,0.071094,0.053125,0.20339,0.22083,0.060951,0.17277,0.087904,0.029371,0.095481,0.069439,0.24382,0.27652,0.0015701,0.016547,0.0044734,0.00032412,0.0042024,0.0020685,0.018708,0.028653,1.1094,2.4844,1.625,0.46094,1.7344,1.3438,3.8516,4.3125,14,16,12,14,16,13,21,15
0.050781,0.11849,0.058333,0.024219,0.071615,0.05625,0.20443,0.22292,0.064597,0.17283,0.087904,0.029886,0.096076,0.072197,0.24436,0.27688,0.001649,0.016375,0.0044734,0.00031717,0.0042433,0.002119,0.018538,0.027898,1.1563,2.6719,1.6563,0.46875,1.7734,1.4141,3.75,4.5703,15,17,12,14,15,12,20,14
0.051302,0.12474,0.060417,0.024219,0.071094,0.054948,0.20807,0.23125,0.064723,0.17646,0.088825,0.029886,0.095779,0.071844,0.24978,0.28084,0.0016108,0.016115,0.0043858,0.00031717,0.0042613,0.0022161,0.019752,0.026273,1.25,2.8281,1.7188,0.46875,1.7969,1.5156,3.8203,4.6797,14,17,12,15,16,12,20,15
0.051823,0.12552,0.060937,0.02474,0.073177,0.058594,0.22031,0.23307,0.064848,0.17662,0.088916,0.030021,0.096793,0.07608,0.26338,0.28153,0.0015721,0.01597,0.0043373,0.00029921,0.0041524,0.0024361,0.021549,0.025795,1.2422,2.9609,1.7656,0.44531,1.8125,1.6406,3.8125,4.7891,14,18,13,16,16,12,20,15
0.052865,0.12917,0.061719,0.024219,0.072917,0.058333,0.22318,0.23516,0.065348,0.1779,0.089088,0.029749,0.096719,0.07604,0.26435,0.28245,0.0015267,0.015481,0.0042697,0.00030875,0.004177,0.0024613,0.020767,0.025325,1.2578,3.0156,1.75,0.45313,1.8594,1.75,4.1406,4.7969,15,19,14,16,17,13,19,15
0.053385,0.12995,0.061979,0.023698,0.073438,0.057292,0.23021,0.2388,0.065473,0.17806,0.08919,0.029474,0.096972,0.075718,0.26858,0.28456,0.0014862,0.015328,0.0042553,0.00031773,0.0041487,0.0025354,0.0198,0.024775,1.2813,3.0625,1.75,0.4375,1.8828,1.7422,4.2578,4.8359,16,19,13,16,17,14,19,16
0.053906,0.13255,0.063281,0.023958,0.072396,0.057031,0.23021,0.25078,0.065597,0.17863,0.090042,0.029578,0.096635,0.075624,0.26858,0.29553,0.0014453,0.014831,0.0042445,0.00031121,0.0042385,0.0025515,0.0198,0.025291,1.2656,2.9844,1.7656,0.44531,1.8828,1.7344,4.3516,4.9063,16,20,13,15,16,13,18,16
0.029427,0.082031,0.063542,0.01224,0.052083,0.0375,0.070573,0.13307,0.049637,0.17806,0.12806,0.015819,0.068614,0.048033,0.10059,0.22155,0.0016529,0.025836,0.012787,0.0001039,0.002064,0.00093194,0.0053142,0.03246,0.57813,1.4219,0.96875,0.36719,1.4453,1.0078,1.9297,2.3906,13,8,9,6,10,14,18,17
0.038802,0.096354,0.068229,0.01276,0.050521,0.041406,0.086719,0.15729,0.072436,0.19572,0.13088,0.016573,0.065891,0.054295,0.14909,0.26114,0.0038704,0.030022,0.012905,0.00011569,0.001851,0.0012761,0.015214,0.044954,0.76563,1.6563,1.1484,0.35938,1.3594,1.0391,2.0938,3.1016,13,9,10,6,11,14,19,17
0.044271,0.10703,0.070573,0.023438,0.050781,0.040885,0.096615,0.15755,0.078928,0.20549,0.13151,0.060784,0.065968,0.053541,0.16009,0.26118,0.004417,0.031832,0.012739,0.0032538,0.0018342,0.0012362,0.016856,0.044889,0.875,1.7578,1.2031,0.61719,1.2969,1.1016,2.3672,3.8203,12,9,10,6,11,14,19,17
0.05026,0.11328,0.088542,0.02474,0.046094,0.038802,0.098958,0.16016,0.086563,0.20902,0.1668,0.061862,0.060161,0.051051,0.16129,0.26188,0.0051382,0.031922,0.020673,0.0033257,0.0015463,0.0011386,0.01678,0.044411,0.88281,1.875,1.6797,0.85156,1.1953,1.0938,2.5547,3.875,13,8,9,7,12,15,19,17
0.051302,0.11354,0.092708,0.027865,0.045833,0.039844,0.098177,0.16875,0.08675,0.20904,0.16932,0.064943,0.060043,0.052311,0.16119,0.26658,0.0050625,0.031868,0.020768,0.0035598,0.0015563,0.0011885,0.016908,0.044057,1.0391,2.0703,2.0547,0.88281,1.1875,1.125,2.6484,4.0391,14,7,9,6,11,14,18,16
0.055208,0.11667,0.11484,0.039323,0.046354,0.044271,0.10911,0.18255,0.089691,0.20985,0.20991,0.091298,0.060583,0.060009,0.17295,0.27787,0.0051688,0.031477,0.031937,0.0070232,0.001574,0.0016978,0.018628,0.0454,1.1328,2.1484,2.5547,1.1016,1.2188,1.2109,2.9766,4.1875,13,8,10,6,11,14,17,17
0.060417,0.11875,0.12839,0.039844,0.048958,0.048438,0.12474,0.18906,0.09455,0.21032,0.22263,0.091521,0.063853,0.066199,0.1936,0.28069,0.0054718,0.031172,0.03422,0.0070226,0.0017382,0.0021063,0.022678,0.044528,1.1641,2.1641,2.8125,1.3906,1.2266,1.1953,3.1094,4.3672,12,9,11,6,12,15,18,17
0.060417,0.13021,0.12812,0.044792,0.047135,0.047396,0.12734,0.18828,0.09455,0.21989,0.22261,0.096256,0.062386,0.065582,0.19423,0.28057,0.0054718,0.032481,0.034283,0.0075091,0.0017279,0.0021254,0.022251,0.044763,1.3047,2.4297,3.1953,1.4922,1.3125,1.2813,3.4375,4.5156,12,10,11,7,12,15,18,17
0.06875,0.13828,0.14193,0.047135,0.044531,0.047917,0.12995,0.20156,0.10561,0.22485,0.23693,0.097108,0.060398,0.065706,0.19569,0.29056,0.0066482,0.032522,0.037232,0.0074567,0.0017222,0.0020909,0.022147,0.045311,1.5391,2.5078,3.625,1.5703,1.3203,1.2422,3.4766,4.8281,13,11,11,7,11,14,18,17
0.071875,0.14427,0.1474,0.047917,0.04401,0.05,0.13568,0.20677,0.10744,0.22723,0.23935,0.097328,0.059652,0.068138,0.19954,0.29349,0.0065977,0.031884,0.036788,0.0074241,0.0016773,0.0022166,0.022147,0.044879,1.6875,2.5781,3.8594,1.5938,1.3281,1.2969,3.5078,4.9375,13,12,12,6,11,14,18,16
0.072396,0.14896,0.15026,0.048698,0.040365,0.05026,0.14688,0.20755,0.10756,0.22884,0.23986,0.097484,0.053083,0.06845,0.20917,0.29358,0.0065452,0.03122,0.036161,0.0073776,0.0012295,0.0022338,0.022947,0.044601,1.7578,2.6016,3.9453,1.5938,1.2031,1.2422,3.5703,5.1172,13,13,12,7,12,15,18,15
0.074479,0.15755,0.15339,0.04974,0.040365,0.052083,0.15104,0.21432,0.10831,0.23421,0.24067,0.097651,0.053083,0.069175,0.2118,0.29681,0.006397,0.031065,0.035583,0.0073052,0.0012295,0.0021439,0.022808,0.043616,1.7891,2.7109,3.9609,1.5859,1.1563,1.2422,3.7031,5.3125,13,14,12,7,12,15,18,15
0.075,0.16901,0.16719,0.051562,0.039844,0.053646,0.16276,0.21849,0.10835,0.24247,0.2527,0.098305,0.052233,0.070399,0.22582,0.29823,0.0063249,0.031269,0.037141,0.0072468,0.0011801,0.0021498,0.025349,0.042626,1.8281,2.7656,4.2656,1.6172,1.1797,1.2578,3.8672,5.3828,13,15,13,6,11,14,18,16
0.079687,0.18073,0.18698,0.053125,0.042969,0.054427,0.19062,0.24766,0.112,0.25155,0.27497,0.098801,0.057144,0.070961,0.27336,0.34101,0.0064083,0.03167,0.042047,0.0071786,0.001468,0.0021446,0.039709,0.056848,1.9609,2.7813,4.4375,1.6172,1.2031,1.2188,4.2188,6.125,14,16,14,6,12,15,19,15
0.082552,0.18333,0.1875,0.055729,0.044271,0.052083,0.2,0.25234,0.11329,0.25203,0.27498,0.099825,0.057763,0.068998,0.28024,0.3424,0.0062285,0.030942,0.041853,0.0070958,0.0014242,0.0021187,0.039861,0.055408,2.0156,3.0547,5.0078,1.6328,1.25,1.2109,4.6641,6.8594,14,17,14,6,13,14,19,14
0.084896,0.18932,0.18802,0.05651,0.04375,0.052344,0.2237,0.25859,0.11434,0.25453,0.27501,0.099978,0.05741,0.06919,0.30943,0.34468,0.0060687,0.02994,0.041668,0.0070367,0.0014295,0.0021179,0.047285,0.053721,2.0156,3.1563,4.9922,1.6719,1.2109,1.1953,5.0156,6.8906,14,18,14,6,12,14,20,13
0.085417,0.19167,0.18932,0.05651,0.041146,0.054167,0.22839,0.27318,0.11441,0.25507,0.27525,0.099978,0.054501,0.069906,0.31097,0.35445,0.0059938,0.0293,0.041296,0.0070367,0.0013214,0.0020202,0.046078,0.05277,2.0703,3.2344,5.0234,1.6719,1.2031,1.1797,5.5078,7.0391,13,19,13,6,12,14,19,12
0.085938,0.19297,0.19115,0.059375,0.039063,0.054948,0.23177,0.28828,0.11452,0.25517,0.27554,0.1012,0.052369,0.070211,0.31245,0.36817,0.0059267,0.028834,0.040741,0.0069479,0.0012586,0.0019762,0.045424,0.054251,2.0703,3.2656,5.0078,1.7344,1.1484,1.1094,5.3828,7.0703,13,20,13,7,11,14,19,13
0.088281,0.19635,0.19818,0.060156,0.038802,0.051823,0.22839,0.29297,0.11571,0.25615,0.279,0.10135,0.052233,0.067733,0.31054,0.36946,0.0057884,0.027991,0.039898,0.0068829,0.0012648,0.0019678,0.045804,0.052418,2.1172,3.3359,5.1563,1.7813,1.1172,1.0547,5.2813,7.4531,14,20,14,7,12,14,20,14
0.091146,0.19818,0.20104,0.060417,0.041667,0.054167,0.23021,0.30964,0.11696,0.2564,0.27952,0.10136,0.054538,0.069468,0.31107,0.38194,0.0055577,0.027379,0.039016,0.0068525,0.001281,0.0019571,0.045279,0.051726,2.1016,3.3828,5.3047,1.7734,1.1797,1.125,5.2188,7.7891,14,21,15,7,13,14,19,13
0.091146,0.2,0.2013,0.061198,0.049479,0.053906,0.23359,0.32682,0.11696,0.25676,0.27953,0.10169,0.069322,0.069454,0.31306,0.39575,0.0055577,0.02682,0.038914,0.0068237,0.0024386,0.0019841,0.04494,0.051522,2.1563,3.375,5.3594,1.8047,1.2578,1.1641,5.2813,7.8047,15,21,16,8,13,13,19,13
0.029948,0.10026,0.055208,0.026562,0.070833,0.052083,0.11224,0.11875,0.046021,0.18092,0.10578,0.043778,0.086268,0.074417,0.17424,0.19949,0.0012631,0.023463,0.0084226,0.0012527,0.0025085,0.0029227,0.018376,0.026579,0.72656,2.0703,0.85938,0.57813,1.4297,1.4844,2.8359,2.1172,9,14,10,7,19,13,16,15
0.029427,0.10781,0.058073,0.027083,0.071354,0.053125,0.12682,0.1237,0.045844,0.18654,0.10694,0.043963,0.086504,0.074962,0.19227,0.20132,0.0012783,0.023974,0.0083415,0.0012406,0.002474,0.0028935,0.021605,0.026098,0.75,2.1406,0.86719,0.6875,1.4688,1.5313,2.9141,2.3125,10,15,11,8,19,13,16,15
0.030729,0.12109,0.060937,0.029167,0.071094,0.05651,0.13906,0.13437,0.046614,0.20022,0.1085,0.046483,0.086421,0.078242,0.20549,0.21162,0.0012709,0.026303,0.0083361,0.0013551,0.0024976,0.0030294,0.023679,0.027649,0.78125,2.2734,0.88281,0.72656,1.3984,1.5234,2.9531,2.5156,10,16,12,9,20,13,17,15
0.032552,0.12943,0.06224,0.030729,0.06849,0.054948,0.14245,0.13802,0.048265,0.20599,0.10892,0.047264,0.083792,0.076666,0.20671,0.2131,0.0013137,0.026568,0.0082649,0.0013341,0.0024106,0.002957,0.023213,0.027269,0.76563,2.3984,0.91406,0.76563,1.3125,1.5547,3.2031,2.7188,10,15,12,10,19,14,17,15
0.031771,0.13594,0.063542,0.031771,0.061979,0.053125,0.14271,0.13906,0.047564,0.2093,0.10915,0.047607,0.072394,0.075826,0.20678,0.21325,0.0012962,0.026201,0.0081481,0.0013004,0.0014477,0.0030282,0.023164,0.027038,0.75,2.4531,0.92188,0.76563,1.1641,1.5547,3.25,2.7813,11,15,12,11,18,13,17,16
0.033333,0.13646,0.065104,0.032031,0.060156,0.053646,0.14401,0.14271,0.048328,0.20936,0.1096,0.047714,0.071104,0.075986,0.20705,0.21498,0.0012667,0.02608,0.0080412,0.0012937,0.0014865,0.0029959,0.022893,0.026742,0.75781,2.6094,0.9375,0.76563,1.1719,1.5703,3.25,2.8594,11,15,12,11,17,13,16,16
0.033594,0.13776,0.066146,0.032292,0.061458,0.054167,0.14766,0.14271,0.048391,0.20948,0.10982,0.047778,0.07301,0.0762,0.20828,0.21498,0.001255,0.025763,0.0079503,0.0012827,0.0016068,0.0029715,0.022324,0.026742,0.78906,2.6016,0.95313,0.75781,1.2734,1.5,3.2734,2.9766,11,15,13,11,17,12,16,16
0.033854,0.13776,0.067969,0.031771,0.059635,0.052344,0.15365,0.14401,0.048454,0.20948,0.1104,0.047607,0.071532,0.074404,0.2124,0.21533,0.0012432,0.025763,0.00783,0.0013004,0.0016142,0.0028924,0.022248,0.026513,0.76563,2.625,0.96875,0.76563,1.2891,1.4609,3.3359,3.0156,12,15,14,12,18,13,16,17
0.033333,0.14531,0.069271,0.034115,0.054948,0.051562,0.15781,0.14557,0.048202,0.21408,0.11063,0.050409,0.065099,0.073951,0.21377,0.21562,0.0012541,0.025566,0.0076977,0.0014248,0.0012606,0.002907,0.021511,0.026171,0.74219,2.8438,0.97656,0.83594,1.2266,1.4531,3.4375,3.0234,12,15,15,12,17,12,17,17
0.034635,0.14792,0.06901,0.034115,0.053125,0.04974,0.16042,0.14661,0.048935,0.21465,0.11061,0.050409,0.063212,0.072688,0.21434,0.21581,0.0012362,0.025028,0.0077287,0.0014248,0.001214,0.0029065,0.020907,0.025941,0.76563,3,0.99219,0.92188,1.1641,1.3828,3.4688,3.0078,11,15,15,12,18,12,16,17
0.034115,0.15469,0.069271,0.036198,0.054427,0.051042,0.16068,0.14922,0.048852,0.21807,0.11061,0.051999,0.063932,0.073037,0.21438,0.21628,0.0012648,0.024441,0.0076935,0.0014416,0.0011638,0.0028233,0.020835,0.025354,0.80469,3.125,0.98438,0.97656,1.1797,1.3906,3.5156,3.0156,10,16,16,12,18,13,16,17
0.034635,0.15521,0.069531,0.03724,0.054948,0.052344,0.16536,0.15495,0.049018,0.21811,0.11064,0.052621,0.064123,0.073523,0.21625,0.21895,0.0012446,0.024291,0.0076624,0.0014298,0.0011301,0.0027577,0.020087,0.024755,0.8125,3.3047,0.97656,0.99219,1.1953,1.3672,3.6172,3.1016,10,15,15,12,18,13,16,16
0.034375,0.15599,0.070313,0.038021,0.05651,0.051562,0.17005,0.15365,0.048914,0.21821,0.11089,0.05291,0.065255,0.073232,0.21861,0.21883,0.0012527,0.024084,0.0076062,0.0014006,0.0011015,0.0027975,0.019521,0.025118,0.79688,3.3047,0.99219,1.0078,1.1875,1.3828,3.6172,3.2813,11,15,16,12,19,14,16,16
0.035156,0.15599,0.070052,0.038542,0.055469,0.050781,0.17057,0.1526,0.049101,0.21821,0.11088,0.053064,0.064376,0.073107,0.21866,0.21868,0.0012154,0.024084,0.007642,0.0013762,0.0011043,0.0028613,0.019363,0.025381,0.79688,3.3359,1.0391,1.0078,1.1953,1.3906,3.6406,3.2891,11,15,16,13,20,13,16,15
0.035677,0.15755,0.070833,0.039844,0.054688,0.054167,0.18203,0.1526,0.049266,0.21843,0.11102,0.053541,0.063948,0.076812,0.23447,0.21868,0.0011941,0.023678,0.0075597,0.0013232,0.0011365,0.0030683,0.022592,0.025381,0.78906,3.3828,1.0625,1.0156,1.125,1.3984,4.0234,3.3047,11,15,16,14,20,13,16,15
0.036719,0.15729,0.070313,0.040104,0.051823,0.05,0.1849,0.15286,0.049596,0.21841,0.11098,0.053598,0.059788,0.071546,0.23585,0.21873,0.0011498,0.023756,0.0076273,0.001308,0.00091967,0.0027091,0.022176,0.025318,0.78125,3.4297,1.0859,1.0391,1.0547,1.4531,4.3047,3.2188,12,16,16,13,20,12,17,14
0.036719,0.15833,0.070833,0.041927,0.054688,0.04375,0.18177,0.14896,0.049596,0.21856,0.11105,0.05478,0.063597,0.061251,0.23491,0.21768,0.0011498,0.023484,0.0075681,0.0012859,0.0010902,0.0019009,0.022907,0.026064,0.79688,3.4688,1.1094,1.0781,1.0547,1.3125,4.3984,3.1953,12,17,16,13,19,11,17,13
0.03724,0.15937,0.070573,0.042708,0.052083,0.042448,0.17891,0.1487,0.049841,0.21871,0.11105,0.054947,0.060313,0.060666,0.23353,0.21762,0.0011352,0.023209,0.0076041,0.0012364,0.00095692,0.0019434,0.023304,0.026117,0.79688,3.4609,1.125,1.1172,1.0625,1.2734,4.4141,3.2266,13,17,16,14,19,11,16,12
0.036719,0.16432,0.072396,0.043229,0.055729,0.045052,0.17891,0.14844,0.049596,0.22056,0.11149,0.055021,0.065737,0.062321,0.23353,0.21754,0.0011498,0.022391,0.0074376,0.0011985,0.0012575,0.0019181,0.023304,0.026161,0.78125,3.5625,1.1719,1.1094,1.1563,1.3359,4.3438,3.2109,13,17,16,15,18,12,17,13
0.0375,0.175,0.072396,0.042708,0.055469,0.047656,0.18646,0.1513,0.04978,0.22891,0.11149,0.054947,0.065659,0.06425,0.23716,0.21862,0.0011087,0.022527,0.0074376,0.0012364,0.0012769,0.0019209,0.02222,0.025759,0.75781,3.7031,1.2188,1.125,1.2578,1.2969,4.3594,3.1094,14,18,16,15,17,11,17,12
0.03724,0.17448,0.072135,0.043229,0.055208,0.049219,0.18802,0.1487,0.049637,0.22881,0.11148,0.055169,0.065457,0.066122,0.23788,0.21665,0.0011141,0.022664,0.0074744,0.0012154,0.0012794,0.0020169,0.021968,0.025683,0.74219,3.7891,1.2266,1.1484,1.2891,1.3047,4.1094,3,13,18,16,15,18,12,17,12
