0.022149,0.055284,0.094282,0.019236,0.020577,0.01725,0.022911,0.10301,0
0.022149,0.055284,0.094282,0.019236,0.020577,0.01725,0.022911,0.10301,1.0112
0.022149,0.055284,0.094282,0.019236,0.020577,0.01725,0.022911,0.10301,2.0225
0.022149,0.055284,0.094282,0.019236,0.020577,0.01725,0.022911,0.10301,3.0337
0.022149,0.055284,0.094282,0.019236,0.020577,0.01725,0.022911,0.10301,4.0449
0.022406,0.058018,0.1057,0.020762,0.019551,0.015354,0.019726,0.088733,5.0562
0.022406,0.058018,0.1057,0.020762,0.019551,0.015354,0.019726,0.088733,6.0674
0.022406,0.058018,0.1057,0.020762,0.019551,0.015354,0.019726,0.088733,7.0787
0.022406,0.058905,0.11138,0.023176,0.02089,0.014797,0.016756,0.070453,8.0899
0.022406,0.058905,0.11138,0.023176,0.02089,0.014797,0.016756,0.070453,9.1011
0.022406,0.058905,0.11138,0.023176,0.02089,0.014797,0.016756,0.070453,10.112
0.022406,0.058905,0.11138,0.023176,0.02089,0.014797,0.016756,0.070453,11.124
0.022406,0.058905,0.11138,0.023176,0.02089,0.014797,0.016756,0.070453,12.135
0.025555,0.063984,0.11358,0.024127,0.020014,0.015204,0.016982,0.048883,13.146
0.025555,0.063984,0.11358,0.024127,0.020014,0.015204,0.016982,0.048883,14.157
0.027594,0.069164,0.12082,0.026508,0.02054,0.017161,0.018795,0.04052,15.169
0.027594,0.069164,0.12082,0.026508,0.02054,0.017161,0.018795,0.04052,16.18
0.027594,0.069164,0.12082,0.026508,0.02054,0.017161,0.018795,0.04052,17.191
0.027594,0.069164,0.12082,0.026508,0.02054,0.017161,0.018795,0.04052,18.202
0.027594,0.069164,0.12082,0.026508,0.02054,0.017161,0.018795,0.04052,19.213
0.029414,0.07788,0.1384,0.033157,0.020109,0.017294,0.017338,0.031079,20.225
0.029414,0.07788,0.1384,0.033157,0.020109,0.017294,0.017338,0.031079,21.236
0.029414,0.07788,0.1384,0.033157,0.020109,0.017294,0.017338,0.031079,22.247
0.030409,0.077787,0.13786,0.03496,0.020052,0.017294,0.017751,0.031115,23.258
0.030409,0.077787,0.13786,0.03496,0.020052,0.017294,0.017751,0.031115,24.27
0.039335,0.088237,0.1545,0.077305,0.020908,0.017751,0.021467,0.032448,25.281
0.039335,0.088237,0.1545,0.077305,0.020908,0.017751,0.021467,0.032448,26.292
0.040454,0.090187,0.1586,0.079667,0.021679,0.018176,0.021993,0.033249,27.303
0.040454,0.090187,0.1586,0.079667,0.021679,0.018176,0.021993,0.033249,28.315
0.041487,0.09969,0.16519,0.088419,0.021413,0.017578,0.022183,0.035145,29.326
0.041487,0.09969,0.16519,0.088419,0.021413,0.017578,0.022183,0.035145,30.337
0.041487,0.09969,0.16519,0.088419,0.021413,0.017578,0.022183,0.035145,31.348
0.041487,0.09969,0.16519,0.088419,0.021413,0.017578,0.022183,0.035145,32.36
0.041487,0.09969,0.16519,0.088419,0.021413,0.017578,0.022183,0.035145,33.371
0.044649,0.11151,0.19664,0.10125,0.021,0.017708,0.02232,0.035791,34.382
0.044649,0.11151,0.19664,0.10125,0.021,0.017708,0.02232,0.035791,35.393
0.044649,0.11151,0.19664,0.10125,0.021,0.017708,0.02232,0.035791,36.404
0.046013,0.11448,0.19983,0.10819,0.021054,0.017686,0.022861,0.036758,37.416
0.046013,0.11448,0.19983,0.10819,0.021054,0.017686,0.022861,0.036758,38.427
0.046013,0.11448,0.19983,0.10819,0.021054,0.017686,0.022861,0.036758,39.438
0.050442,0.11422,0.20854,0.11479,0.02041,0.018218,0.023921,0.040539,40.449
0.050442,0.11422,0.20854,0.11479,0.02041,0.018218,0.023921,0.040539,41.461
0.053567,0.1311,0.22403,0.12115,0.022744,0.017901,0.023937,0.039509,42.472
0.053567,0.1311,0.22403,0.12115,0.022744,0.017901,0.023937,0.039509,43.483
0.053567,0.1311,0.22403,0.12115,0.022744,0.017901,0.023937,0.039509,44.494
0.055792,0.14559,0.2327,0.12142,0.022894,0.017621,0.024143,0.039519,45.506
0.055792,0.14559,0.2327,0.12142,0.022894,0.017621,0.024143,0.039519,46.517
0.062871,0.20804,0.31217,0.13977,0.023873,0.018301,0.026233,0.040595,47.528
0.062871,0.20804,0.31217,0.13977,0.023873,0.018301,0.026233,0.040595,48.539
0.062811,0.22016,0.33096,0.15864,0.024767,0.018529,0.026993,0.040642,49.551
0.062811,0.22016,0.33096,0.15864,0.024767,0.018529,0.026993,0.040642,50.562
0.062811,0.22016,0.33096,0.15864,0.024767,0.018529,0.026993,0.040642,51.573
0.062811,0.22016,0.33096,0.15864,0.024767,0.018529,0.026993,0.040642,52.584
0.062811,0.22016,0.33096,0.15864,0.024767,0.018529,0.026993,0.040642,53.596
0.073724,0.24485,0.36835,0.16278,0.030421,0.021288,0.030283,0.04583,54.607
0.073724,0.24485,0.36835,0.16278,0.030421,0.021288,0.030283,0.04583,55.618
0.073724,0.24485,0.36835,0.16278,0.030421,0.021288,0.030283,0.04583,56.629
0.073724,0.24485,0.36835,0.16278,0.030421,0.021288,0.030283,0.04583,57.64
0.075498,0.26718,0.38057,0.18311,0.030131,0.021198,0.030857,0.047207,58.652
0.075498,0.26718,0.38057,0.18311,0.030131,0.021198,0.030857,0.047207,59.663
0.075498,0.26718,0.38057,0.18311,0.030131,0.021198,0.030857,0.047207,60.674
0.079269,0.30031,0.39694,0.19017,0.034143,0.022693,0.031469,0.047858,61.685
0.079269,0.30031,0.39694,0.19017,0.034143,0.022693,0.031469,0.047858,62.697
0.079269,0.30031,0.39694,0.19017,0.034143,0.022693,0.031469,0.047858,63.708
0.079269,0.30031,0.39694,0.19017,0.034143,0.022693,0.031469,0.047858,64.719
0.079269,0.30031,0.39694,0.19017,0.034143,0.022693,0.031469,0.047858,65.73
0.079667,0.31678,0.40989,0.21074,0.035113,0.023648,0.03142,0.048064,66.742
0.079667,0.31678,0.40989,0.21074,0.035113,0.023648,0.03142,0.048064,67.753
0.091585,0.36777,0.42708,0.26664,0.03865,0.024813,0.034609,0.054352,68.764
0.091585,0.36777,0.42708,0.26664,0.03865,0.024813,0.034609,0.054352,69.775
0.091585,0.36777,0.42708,0.26664,0.03865,0.024813,0.034609,0.054352,70.787
0.092978,0.38044,0.42888,0.26826,0.038739,0.024798,0.034741,0.054694,71.798
0.092978,0.38044,0.42888,0.26826,0.038739,0.024798,0.034741,0.054694,72.809
0.092978,0.38044,0.42888,0.26826,0.038739,0.024798,0.034741,0.054694,73.82
0.10728,0.3926,0.45519,0.27287,0.039731,0.026306,0.036675,0.056715,74.831
0.10728,0.3926,0.45519,0.27287,0.039731,0.026306,0.036675,0.056715,75.843
0.10861,0.38249,0.43279,0.28617,0.040255,0.025852,0.03563,0.054799,76.854
0.10861,0.38249,0.43279,0.28617,0.040255,0.025852,0.03563,0.054799,77.865
0.10861,0.38249,0.43279,0.28617,0.040255,0.025852,0.03563,0.054799,78.876
0.10861,0.38249,0.43279,0.28617,0.040255,0.025852,0.03563,0.054799,79.888
0.10861,0.38249,0.43279,0.28617,0.040255,0.025852,0.03563,0.054799,80.899
0.1162,0.38954,0.43183,0.32544,0.041118,0.026291,0.037528,0.061652,81.91
0.1162,0.38954,0.43183,0.32544,0.041118,0.026291,0.037528,0.061652,82.921
0.11892,0.37395,0.44315,0.35865,0.042234,0.02733,0.038709,0.06928,83.933
0.11892,0.37395,0.44315,0.35865,0.042234,0.02733,0.038709,0.06928,84.944
0.11946,0.38562,0.45007,0.37333,0.042782,0.030894,0.041257,0.071298,85.955
0.11946,0.38562,0.45007,0.37333,0.042782,0.030894,0.041257,0.071298,86.966
0.11946,0.38562,0.45007,0.37333,0.042782,0.030894,0.041257,0.071298,87.978
0.14128,0.39916,0.4804,0.42227,0.046908,0.034355,0.04663,0.087821,88.989
0.14128,0.39916,0.4804,0.42227,0.046908,0.034355,0.04663,0.087821,90
0.016869,0.032787,0.071539,0.014432,0.016596,0.012628,0.028019,0.099245,0
0.016869,0.032787,0.071539,0.014432,0.016596,0.012628,0.028019,0.099245,0.76923
0.016869,0.032787,0.071539,0.014432,0.016596,0.012628,0.028019,0.099245,1.5385
0.016869,0.032787,0.071539,0.014432,0.016596,0.012628,0.028019,0.099245,2.3077
0.016869,0.032787,0.071539,0.014432,0.016596,0.012628,0.028019,0.099245,3.0769
0.018218,0.03632,0.076267,0.01459,0.016779,0.012807,0.025615,0.0807,3.8462
0.018218,0.03632,0.076267,0.01459,0.016779,0.012807,0.025615,0.0807,4.6154
0.016982,0.03682,0.10101,0.015379,0.016892,0.01339,0.024997,0.055854,5.3846
0.016982,0.03682,0.10101,0.015379,0.016892,0.01339,0.024997,0.055854,6.1538
0.016982,0.03682,0.10101,0.015379,0.016892,0.01339,0.024997,0.055854,6.9231
0.016982,0.03682,0.10101,0.015379,0.016892,0.01339,0.024997,0.055854,7.6923
0.016982,0.03682,0.10101,0.015379,0.016892,0.01339,0.024997,0.055854,8.4615
0.017072,0.036748,0.10149,0.015304,0.018238,0.01339,0.024767,0.050215,9.2308
0.017072,0.036748,0.10149,0.015304,0.018238,0.01339,0.024767,0.050215,10
0.01725,0.038193,0.11684,0.015698,0.018322,0.013073,0.016619,0.03358,10.769
0.01725,0.038193,0.11684,0.015698,0.018322,0.013073,0.016619,0.03358,11.538
0.01725,0.038193,0.11684,0.015698,0.018322,0.013073,0.016619,0.03358,12.308
0.017116,0.038153,0.11847,0.015722,0.018405,0.012985,0.01655,0.033146,13.077
0.017116,0.038153,0.11847,0.015722,0.018405,0.012985,0.01655,0.033146,13.846
0.01725,0.039827,0.12141,0.015987,0.017943,0.012537,0.013866,0.023729,14.615
0.01725,0.039827,0.12141,0.015987,0.017943,0.012537,0.013866,0.023729,15.385
0.01725,0.039827,0.12141,0.015987,0.017943,0.012537,0.013866,0.023729,16.154
0.022676,0.046761,0.16853,0.015478,0.01828,0.011719,0.013073,0.020981,16.923
0.022676,0.046761,0.16853,0.015478,0.01828,0.011719,0.013073,0.020981,17.692
0.023761,0.045613,0.17479,0.014823,0.01857,0.011455,0.012897,0.020872,18.462
0.023761,0.045613,0.17479,0.014823,0.01857,0.011455,0.012897,0.020872,19.231
0.023225,0.05149,0.19709,0.015129,0.018896,0.012103,0.013014,0.021661,20
0.023225,0.05149,0.19709,0.015129,0.018896,0.012103,0.013014,0.021661,20.769
0.023225,0.05149,0.19709,0.015129,0.018896,0.012103,0.013014,0.021661,21.538
0.024736,0.05727,0.22822,0.044272,0.018384,0.012567,0.013102,0.02127,22.308
0.024736,0.05727,0.22822,0.044272,0.018384,0.012567,0.013102,0.02127,23.077
0.02524,0.055063,0.22857,0.051416,0.018835,0.012807,0.012506,0.019975,23.846
0.02524,0.055063,0.22857,0.051416,0.018835,0.012807,0.012506,0.019975,24.615
0.028236,0.061695,0.23232,0.068298,0.018529,0.012658,0.012597,0.022286,25.385
0.028236,0.061695,0.23232,0.068298,0.018529,0.012658,0.012597,0.022286,26.154
0.028236,0.061695,0.23232,0.068298,0.018529,0.012658,0.012597,0.022286,26.923
0.0298,0.073475,0.24098,0.073199,0.018754,0.012322,0.0137,0.022911,27.692
0.0298,0.073475,0.24098,0.073199,0.018754,0.012322,0.0137,0.022911,28.462
0.030093,0.073646,0.23225,0.073775,0.018446,0.012353,0.013948,0.022911,29.231
0.030093,0.073646,0.23225,0.073775,0.018446,0.012353,0.013948,0.022911,30
0.035437,0.090533,0.25498,0.082305,0.018238,0.013361,0.014849,0.023953,30.769
0.035437,0.090533,0.25498,0.082305,0.018238,0.013361,0.014849,0.023953,31.538
0.035437,0.090533,0.25498,0.082305,0.018238,0.013361,0.014849,0.023953,32.308
0.035437,0.090533,0.25498,0.082305,0.018238,0.013361,0.014849,0.023953,33.077
0.035437,0.090533,0.25498,0.082305,0.018238,0.013361,0.014849,0.023953,33.846
0.035113,0.092505,0.25555,0.08679,0.019176,0.013276,0.014564,0.023503,34.615
0.035113,0.092505,0.25555,0.08679,0.019176,0.013276,0.014564,0.023503,35.385
0.035113,0.092505,0.25555,0.08679,0.019176,0.013276,0.014564,0.023503,36.154
0.036056,0.097316,0.25509,0.096248,0.019414,0.014406,0.016082,0.023841,36.923
0.036056,0.097316,0.25509,0.096248,0.019414,0.014406,0.016082,0.023841,37.692
0.036056,0.097316,0.25509,0.096248,0.019414,0.014406,0.016082,0.023841,38.462
0.035759,0.095839,0.25439,0.09624,0.019295,0.014616,0.016011,0.023889,39.231
0.035759,0.095839,0.25439,0.09624,0.019295,0.014616,0.016011,0.023889,40
0.036193,0.10403,0.24727,0.10199,0.019726,0.014485,0.018343,0.026608,40.769
0.036193,0.10403,0.24727,0.10199,0.019726,0.014485,0.018343,0.026608,41.538
0.038601,0.10255,0.22514,0.10226,0.020222,0.016011,0.020279,0.028652,42.308
0.038601,0.10255,0.22514,0.10226,0.020222,0.016011,0.020279,0.028652,43.077
0.038601,0.10255,0.22514,0.10226,0.020222,0.016011,0.020279,0.028652,43.846
0.038003,0.10698,0.2179,0.10556,0.022406,0.017183,0.020651,0.028451,44.615
0.038003,0.10698,0.2179,0.10556,0.022406,0.017183,0.020651,0.028451,45.385
0.038003,0.10698,0.2179,0.10556,0.022406,0.017183,0.020651,0.028451,46.154
0.037559,0.1207,0.24559,0.095775,0.023616,0.018218,0.021555,0.029062,46.923
0.037559,0.1207,0.24559,0.095775,0.023616,0.018218,0.021555,0.029062,47.692
0.037559,0.1207,0.24559,0.095775,0.023616,0.018218,0.021555,0.029062,48.462
0.037559,0.1207,0.24559,0.095775,0.023616,0.018218,0.021555,0.029062,49.231
0.037559,0.1207,0.24559,0.095775,0.023616,0.018218,0.021555,0.029062,50
0.044624,0.14849,0.30069,0.10683,0.025436,0.019394,0.022676,0.035437,50.769
0.044624,0.14849,0.30069,0.10683,0.025436,0.019394,0.022676,0.035437,51.538
0.04573,0.16781,0.32357,0.1094,0.026493,0.020688,0.023889,0.038243,52.308
0.04573,0.16781,0.32357,0.1094,0.026493,0.020688,0.023889,0.038243,53.077
0.04573,0.16781,0.32357,0.1094,0.026493,0.020688,0.023889,0.038243,53.846
0.046335,0.17068,0.32129,0.10884,0.025837,0.020963,0.024269,0.038452,54.615
0.046335,0.17068,0.32129,0.10884,0.025837,0.020963,0.024269,0.038452,55.385
0.048064,0.18742,0.31908,0.11433,0.026335,0.02054,0.023841,0.040567,56.154
0.048064,0.18742,0.31908,0.11433,0.026335,0.02054,0.023841,0.040567,56.923
0.048064,0.18742,0.31908,0.11433,0.026335,0.02054,0.023841,0.040567,57.692
0.05256,0.20721,0.32979,0.14478,0.025882,0.020963,0.025179,0.042532,58.462
0.05256,0.20721,0.32979,0.14478,0.025882,0.020963,0.025179,0.042532,59.231
0.053659,0.21191,0.35677,0.15164,0.02668,0.020908,0.023953,0.042216,60
0.053659,0.21191,0.35677,0.15164,0.02668,0.020908,0.023953,0.042216,60.769
0.053659,0.21191,0.35677,0.15164,0.02668,0.020908,0.023953,0.042216,61.538
0.053659,0.21191,0.35677,0.15164,0.02668,0.020908,0.023953,0.042216,62.308
0.053659,0.21191,0.35677,0.15164,0.02668,0.020908,0.023953,0.042216,63.077
0.052742,0.2404,0.35918,0.17192,0.025793,0.019057,0.022337,0.042702,63.846
0.052742,0.2404,0.35918,0.17192,0.025793,0.019057,0.022337,0.042702,64.615
0.052742,0.2404,0.35918,0.17192,0.025793,0.019057,0.022337,0.042702,65.385
0.053915,0.23662,0.36327,0.17746,0.025896,0.019414,0.024997,0.043961,66.154
0.055532,0.23779,0.37563,0.1976,0.027091,0.02067,0.026349,0.044624,66.923
0.055532,0.23779,0.37563,0.1976,0.027091,0.02067,0.026349,0.044624,67.692
0.055229,0.26029,0.37193,0.23662,0.026979,0.020872,0.027077,0.047417,68.462
0.055229,0.26029,0.37193,0.23662,0.026979,0.020872,0.027077,0.047417,69.231
0.054674,0.26145,0.37859,0.23838,0.027035,0.020725,0.026865,0.047288,70
0.054674,0.26145,0.37859,0.23838,0.027035,0.020725,0.026865,0.047288,70.769
0.054674,0.26145,0.37859,0.23838,0.027035,0.020725,0.026865,0.047288,71.538
0.062157,0.28577,0.40773,0.29223,0.027635,0.023584,0.029362,0.053624,72.308
0.062157,0.28577,0.40773,0.29223,0.027635,0.023584,0.029362,0.053624,73.077
0.063547,0.29565,0.41961,0.29813,0.028692,0.023729,0.030421,0.054834,73.846
0.063547,0.29565,0.41961,0.29813,0.028692,0.023729,0.030421,0.054834,74.615
0.063547,0.29565,0.41961,0.29813,0.028692,0.023729,0.030421,0.054834,75.385
0.061967,0.30545,0.42981,0.36719,0.030783,0.024488,0.030745,0.05701,76.154
0.061967,0.30545,0.42981,0.36719,0.030783,0.024488,0.030745,0.05701,76.923
0.067245,0.34677,0.44379,0.42127,0.033885,0.028222,0.037027,0.063204,77.692
0.067245,0.34677,0.44379,0.42127,0.033885,0.028222,0.037027,0.063204,78.462
0.067245,0.34677,0.44379,0.42127,0.033885,0.028222,0.037027,0.063204,79.231
0.067478,0.34751,0.44182,0.42391,0.033829,0.028317,0.037273,0.063011,80
0.067478,0.34751,0.44182,0.42391,0.033829,0.028317,0.037273,0.063011,80.769
0.072828,0.3539,0.44145,0.42237,0.03303,0.02829,0.037273,0.063138,81.538
0.072828,0.3539,0.44145,0.42237,0.03303,0.02829,0.037273,0.063138,82.308
0.072828,0.3539,0.44145,0.42237,0.03303,0.02829,0.037273,0.063138,83.077
0.081733,0.38775,0.45689,0.44583,0.03613,0.032775,0.04051,0.069335,83.846
0.081733,0.38775,0.45689,0.44583,0.03613,0.032775,0.04051,0.069335,84.615
0.085662,0.41768,0.46794,0.45063,0.039228,0.035502,0.045294,0.072313,85.385
0.085662,0.41768,0.46794,0.45063,0.039228,0.035502,0.045294,0.072313,86.154
0.10304,0.42605,0.48946,0.46339,0.045797,0.039538,0.049711,0.075659,86.923
0.10304,0.42605,0.48946,0.46339,0.045797,0.039538,0.049711,0.075659,87.692
0.10304,0.42605,0.48946,0.46339,0.045797,0.039538,0.049711,0.075659,88.462
0.11244,0.44408,0.51495,0.47471,0.048009,0.040037,0.053773,0.079192,89.231
0.11244,0.44408,0.51495,0.47471,0.048009,0.040037,0.053773,0.079192,90
0.032799,0.03441,0.088276,0.015053,0.024488,0.022337,0.045353,0.14733,0
0.032799,0.03441,0.088276,0.015053,0.024488,0.022337,0.045353,0.14733,0.96774
0.032799,0.03441,0.088276,0.015053,0.024488,0.022337,0.045353,0.14733,1.9355
0.030621,0.038343,0.12229,0.015453,0.024379,0.022372,0.043454,0.1427,2.9032
0.030621,0.038343,0.12229,0.015453,0.024379,0.022372,0.043454,0.1427,3.871
0.030521,0.043542,0.12879,0.01613,0.024253,0.02266,0.033386,0.12456,4.8387
0.030521,0.043542,0.12879,0.01613,0.024253,0.02266,0.033386,0.12456,5.8065
0.030919,0.044341,0.13586,0.016318,0.024379,0.022372,0.030882,0.10664,6.7742
0.030919,0.044341,0.13586,0.016318,0.024379,0.022372,0.030882,0.10664,7.7419
0.030621,0.048152,0.14614,0.01696,0.024705,0.022423,0.029219,0.10306,8.7097
0.030621,0.048152,0.14614,0.01696,0.024705,0.022423,0.029219,0.10306,9.6774
0.032295,0.054056,0.16102,0.01828,0.030758,0.022643,0.024457,0.095268,10.645
0.032295,0.054056,0.16102,0.01828,0.030758,0.022643,0.024457,0.095268,11.613
0.032295,0.054056,0.16102,0.01828,0.030758,0.022643,0.024457,0.095268,12.581
0.03303,0.055614,0.17327,0.017665,0.030956,0.021837,0.024175,0.068738,13.548
0.03303,0.055614,0.17327,0.017665,0.030956,0.021837,0.024175,0.068738,14.516
0.036498,0.058983,0.1885,0.036779,0.028545,0.017794,0.021906,0.051564,15.484
0.036498,0.058983,0.1885,0.036779,0.028545,0.017794,0.021906,0.051564,16.452
0.036498,0.058983,0.1885,0.036779,0.028545,0.017794,0.021906,0.051564,17.419
0.037294,0.060199,0.19197,0.037559,0.027964,0.017922,0.021837,0.047642,18.387
0.037294,0.060199,0.19197,0.037559,0.027964,0.017922,0.021837,0.047642,19.355
0.037304,0.063144,0.19407,0.042532,0.028236,0.017922,0.021126,0.033603,20.323
0.037304,0.063144,0.19407,0.042532,0.028236,0.017922,0.021126,0.033603,21.29
0.039951,0.070443,0.2279,0.047167,0.028303,0.016434,0.022097,0.032412,22.258
0.039951,0.070443,0.2279,0.047167,0.028303,0.016434,0.022097,0.032412,23.226
0.039951,0.070443,0.2279,0.047167,0.028303,0.016434,0.022097,0.032412,24.194
0.039654,0.06781,0.2026,0.058828,0.03027,0.017205,0.023258,0.033341,25.161
0.039654,0.06781,0.2026,0.058828,0.03027,0.017205,0.023258,0.033341,26.129
0.041229,0.068007,0.20469,0.060459,0.030421,0.017183,0.02334,0.033409,27.097
0.041229,0.068007,0.20469,0.060459,0.030421,0.017183,0.02334,0.033409,28.065
0.050344,0.071544,0.22367,0.067675,0.030956,0.015867,0.022183,0.032424,29.032
0.050344,0.071544,0.22367,0.067675,0.030956,0.015867,0.022183,0.032424,30
0.050344,0.071544,0.22367,0.067675,0.030956,0.015867,0.022183,0.032424,30.968
0.051267,0.069532,0.21829,0.067692,0.031201,0.015354,0.023159,0.0331,31.935
0.051267,0.069532,0.21829,0.067692,0.031201,0.015354,0.023159,0.0331,32.903
0.052727,0.074475,0.22393,0.073163,0.031091,0.015179,0.023551,0.033352,33.871
0.052727,0.074475,0.22393,0.073163,0.031091,0.015179,0.023551,0.033352,34.839
0.054422,0.089354,0.21814,0.089695,0.025704,0.014299,0.021959,0.033591,35.806
0.054422,0.089354,0.21814,0.089695,0.025704,0.014299,0.021959,0.033591,36.774
0.054422,0.089354,0.21814,0.089695,0.025704,0.014299,0.021959,0.033591,37.742
0.054478,0.09267,0.21489,0.091213,0.025615,0.014219,0.022286,0.033637,38.71
0.054478,0.09267,0.21489,0.091213,0.025615,0.014219,0.022286,0.033637,39.677
0.059709,0.099671,0.22595,0.089235,0.026116,0.015601,0.024332,0.035523,40.645
0.059709,0.099671,0.22595,0.089235,0.026116,0.015601,0.024332,0.035523,41.613
0.059473,0.11562,0.24822,0.092801,0.027704,0.017027,0.024844,0.035037,42.581
0.059473,0.11562,0.24822,0.092801,0.027704,0.017027,0.024844,0.035037,43.548
0.059926,0.12107,0.25236,0.092562,0.02733,0.017049,0.024951,0.035069,44.516
0.059926,0.12107,0.25236,0.092562,0.02733,0.017049,0.024951,0.035069,45.484
0.059926,0.12107,0.25236,0.092562,0.02733,0.017049,0.024951,0.035069,46.452
0.060961,0.12528,0.25191,0.098759,0.027511,0.018155,0.025134,0.036351,47.419
0.060961,0.12528,0.25191,0.098759,0.027511,0.018155,0.025134,0.036351,48.387
0.062022,0.14097,0.29753,0.11069,0.027427,0.019276,0.024628,0.035437,49.355
0.062022,0.14097,0.29753,0.11069,0.027427,0.019276,0.024628,0.035437,50.323
0.062482,0.14532,0.30269,0.11084,0.028128,0.019315,0.024859,0.03547,51.29
0.062482,0.14532,0.30269,0.11084,0.028128,0.019315,0.024859,0.03547,52.258
0.062482,0.14532,0.30269,0.11084,0.028128,0.019315,0.024859,0.03547,53.226
0.065072,0.15325,0.29708,0.11548,0.028033,0.01988,0.027358,0.037549,54.194
0.060553,0.17507,0.30661,0.13267,0.02758,0.021889,0.026723,0.04017,55.161
0.060553,0.17507,0.30661,0.13267,0.02758,0.021889,0.026723,0.04017,56.129
0.060553,0.17507,0.30661,0.13267,0.02758,0.021889,0.026723,0.04017,57.097
0.060553,0.17507,0.30661,0.13267,0.02758,0.021889,0.026723,0.04017,58.065
0.060553,0.17507,0.30661,0.13267,0.02758,0.021889,0.026723,0.04017,59.032
0.060174,0.20433,0.31322,0.13565,0.028141,0.022149,0.027232,0.040056,60
0.060174,0.20433,0.31322,0.13565,0.028141,0.022149,0.027232,0.040056,60.968
0.063888,0.25667,0.3293,0.14207,0.031783,0.022457,0.028128,0.04067,61.935
0.063888,0.25667,0.3293,0.14207,0.031783,0.022457,0.028128,0.04067,62.903
0.063888,0.25667,0.3293,0.14207,0.031783,0.022457,0.028128,0.04067,63.871
0.063888,0.25667,0.3293,0.14207,0.031783,0.022457,0.028128,0.04067,64.839
0.063888,0.25667,0.3293,0.14207,0.031783,0.022457,0.028128,0.04067,65.806
0.069576,0.25853,0.34518,0.14222,0.031747,0.023044,0.029179,0.042728,66.774
0.069576,0.25853,0.34518,0.14222,0.031747,0.023044,0.029179,0.042728,67.742
0.069543,0.2865,0.3789,0.18023,0.031554,0.023921,0.030546,0.046891,68.71
0.069543,0.2865,0.3789,0.18023,0.031554,0.023921,0.030546,0.046891,69.677
0.069543,0.2865,0.3789,0.18023,0.031554,0.023921,0.030546,0.046891,70.645
0.071132,0.31058,0.37191,0.1919,0.033818,0.025058,0.031974,0.047714,71.613
0.071132,0.31058,0.37191,0.1919,0.033818,0.025058,0.031974,0.047714,72.581
0.082735,0.34091,0.37827,0.21346,0.032764,0.024488,0.032589,0.051118,73.548
0.082735,0.34091,0.37827,0.21346,0.032764,0.024488,0.032589,0.051118,74.516
0.083364,0.34554,0.40265,0.2155,0.032996,0.023937,0.032471,0.050404,75.484
0.083364,0.34554,0.40265,0.2155,0.032996,0.023937,0.032471,0.050404,76.452
0.083364,0.34554,0.40265,0.2155,0.032996,0.023937,0.032471,0.050404,77.419
0.085068,0.35855,0.40963,0.22945,0.033897,0.025043,0.034774,0.053993,78.387
0.085068,0.35855,0.40963,0.22945,0.033897,0.025043,0.034774,0.053993,79.355
0.085791,0.35857,0.4081,0.2462,0.034177,0.025315,0.035844,0.054813,80.323
0.085791,0.35857,0.4081,0.2462,0.034177,0.025315,0.035844,0.054813,81.29
0.086816,0.36109,0.40624,0.26676,0.0376,0.026421,0.03612,0.057103,82.258
0.086816,0.36109,0.40624,0.26676,0.0376,0.026421,0.03612,0.057103,83.226
0.087708,0.35858,0.41878,0.28925,0.039759,0.027538,0.038133,0.060389,84.194
0.087708,0.35858,0.41878,0.28925,0.039759,0.027538,0.038133,0.060389,85.161
0.087708,0.35858,0.41878,0.28925,0.039759,0.027538,0.038133,0.060389,86.129
0.087734,0.37979,0.43367,0.31365,0.041377,0.027176,0.038422,0.061323,87.097
0.087734,0.37979,0.43367,0.31365,0.041377,0.027176,0.038422,0.061323,88.065
0.095276,0.37795,0.45983,0.33501,0.043734,0.027316,0.040923,0.066257,89.032
0.095276,0.37795,0.45983,0.33501,0.043734,0.027316,0.040923,0.066257,90
0.053073,0.021054,0.01957,0.013921,0.025088,0.022303,0.10395,0.25138,0
0.053073,0.021054,0.01957,0.013921,0.025088,0.022303,0.10395,0.25138,-1.1842
0.053396,0.020981,0.019335,0.01403,0.025481,0.02276,0.10818,0.25267,-2.3684
0.053396,0.020981,0.019335,0.01403,0.025481,0.02276,0.10818,0.25267,-3.5526
0.053396,0.020981,0.019335,0.01403,0.025481,0.02276,0.10818,0.25267,-4.7368
0.052655,0.020835,0.019745,0.014273,0.025719,0.022626,0.12096,0.25422,-5.9211
0.069219,0.024348,0.020052,0.014823,0.027302,0.025496,0.12874,0.27665,-7.1053
0.069219,0.024348,0.020052,0.014823,0.027302,0.025496,0.12874,0.27665,-8.2895
0.069219,0.024348,0.020052,0.014823,0.027302,0.025496,0.12874,0.27665,-9.4737
0.078257,0.026922,0.020391,0.015304,0.027525,0.026666,0.13303,0.29357,-10.658
0.078257,0.026922,0.020391,0.015304,0.027525,0.026666,0.13303,0.29357,-11.842
0.078257,0.026922,0.020391,0.015304,0.027525,0.026666,0.13303,0.29357,-13.026
0.080078,0.02726,0.019784,0.015552,0.027992,0.028492,0.13383,0.29369,-14.211
0.080078,0.02726,0.019784,0.015552,0.027992,0.028492,0.13383,0.29369,-15.395
0.090819,0.028046,0.020071,0.015053,0.027704,0.02897,0.13354,0.32765,-16.579
0.090819,0.028046,0.020071,0.015053,0.027704,0.02897,0.13354,0.32765,-17.763
0.090819,0.028046,0.020071,0.015053,0.027704,0.02897,0.13354,0.32765,-18.947
0.094334,0.029179,0.019956,0.014951,0.027773,0.029723,0.13545,0.33935,-20.132
0.094334,0.029179,0.019956,0.014951,0.027773,0.029723,0.13545,0.33935,-21.316
0.1006,0.030658,0.019841,0.016011,0.027525,0.036414,0.14387,0.34879,-22.5
0.1006,0.030658,0.019841,0.016011,0.027525,0.036414,0.14387,0.34879,-23.684
0.1006,0.030658,0.019841,0.016011,0.027525,0.036414,0.14387,0.34879,-24.868
0.10042,0.030621,0.019687,0.015987,0.02758,0.036508,0.14307,0.34075,-26.053
0.10042,0.030621,0.019687,0.015987,0.02758,0.036508,0.14307,0.34075,-27.237
0.10036,0.030484,0.019355,0.016247,0.027162,0.036141,0.13969,0.33563,-28.421
0.10036,0.030484,0.019355,0.016247,0.027162,0.036141,0.13969,0.33563,-29.605
0.10309,0.031164,0.021644,0.016388,0.0256,0.035876,0.14863,0.3613,-30.789
0.10309,0.031164,0.021644,0.016388,0.0256,0.035876,0.14863,0.3613,-31.974
0.10309,0.031164,0.021644,0.016388,0.0256,0.035876,0.14863,0.3613,-33.158
0.10262,0.031238,0.021714,0.01671,0.025555,0.036309,0.15757,0.36581,-34.342
0.10262,0.031238,0.021714,0.01671,0.025555,0.036309,0.15757,0.36581,-35.526
0.14687,0.042451,0.025104,0.019433,0.02695,0.038965,0.17834,0.39768,-36.711
0.14687,0.042451,0.025104,0.019433,0.02695,0.038965,0.17834,0.39768,-37.895
0.14687,0.042451,0.025104,0.019433,0.02695,0.038965,0.17834,0.39768,-39.079
0.15705,0.04537,0.026522,0.020854,0.030119,0.048961,0.20421,0.40799,-40.263
0.15705,0.04537,0.026522,0.020854,0.030119,0.048961,0.20421,0.40799,-41.447
0.18118,0.048906,0.027773,0.021644,0.031902,0.053131,0.21531,0.42383,-42.632
0.18118,0.048906,0.027773,0.021644,0.031902,0.053131,0.21531,0.42383,-43.816
0.18422,0.050495,0.028785,0.022457,0.035004,0.056303,0.21944,0.42274,-45
0.18422,0.050495,0.028785,0.022457,0.035004,0.056303,0.21944,0.42274,-46.184
0.1844,0.05169,0.029749,0.023632,0.037762,0.061565,0.27992,0.43415,-47.368
0.1844,0.05169,0.029749,0.023632,0.037762,0.061565,0.27992,0.43415,-48.553
0.18694,0.05146,0.029075,0.023648,0.036934,0.063547,0.29484,0.45563,-49.737
0.18694,0.05146,0.029075,0.023648,0.036934,0.063547,0.29484,0.45563,-50.921
0.18694,0.05146,0.029075,0.023648,0.036934,0.063547,0.29484,0.45563,-52.105
0.18694,0.05146,0.029075,0.023648,0.036934,0.063547,0.29484,0.45563,-53.289
0.18694,0.05146,0.029075,0.023648,0.036934,0.063547,0.29484,0.45563,-54.474
0.20972,0.056936,0.031238,0.026014,0.039721,0.087608,0.35039,0.48487,-55.658
0.20972,0.056936,0.031238,0.026014,0.039721,0.087608,0.35039,0.48487,-56.842
0.20972,0.056936,0.031238,0.026014,0.039721,0.087608,0.35039,0.48487,-58.026
0.21581,0.058267,0.031686,0.02597,0.04034,0.089789,0.35629,0.48355,-59.211
0.21581,0.058267,0.031686,0.02597,0.04034,0.089789,0.35629,0.48355,-60.395
0.24682,0.065852,0.034355,0.03027,0.04948,0.11066,0.40831,0.52004,-61.579
0.24682,0.065852,0.034355,0.03027,0.04948,0.11066,0.40831,0.52004,-62.763
0.25067,0.064784,0.034366,0.030956,0.051141,0.11031,0.41157,0.51825,-63.947
0.25067,0.064784,0.034366,0.030956,0.051141,0.11031,0.41157,0.51825,-65.132
0.25067,0.064784,0.034366,0.030956,0.051141,0.11031,0.41157,0.51825,-66.316
0.24347,0.063859,0.036267,0.03246,0.052481,0.11606,0.41979,0.52589,-67.5
0.24347,0.063859,0.036267,0.03246,0.052481,0.11606,0.41979,0.52589,-68.684
0.27762,0.089149,0.048906,0.042379,0.067545,0.13892,0.44575,0.52881,-69.868
0.27762,0.089149,0.048906,0.042379,0.067545,0.13892,0.44575,0.52881,-71.053
0.27762,0.089149,0.048906,0.042379,0.067545,0.13892,0.44575,0.52881,-72.237
0.2772,0.093673,0.051006,0.044973,0.071368,0.14733,0.45451,0.53373,-73.421
0.2772,0.093673,0.051006,0.044973,0.071368,0.14733,0.45451,0.53373,-74.605
0.2772,0.093673,0.051006,0.044973,0.071368,0.14733,0.45451,0.53373,-75.789
0.28839,0.10374,0.055463,0.048672,0.077379,0.15951,0.4656,0.55263,-76.974
0.28839,0.10374,0.055463,0.048672,0.077379,0.15951,0.4656,0.55263,-78.158
0.36353,0.14692,0.07298,0.063005,0.09118,0.18328,0.49695,0.56369,-79.342
0.36353,0.14692,0.07298,0.063005,0.09118,0.18328,0.49695,0.56369,-80.526
0.36353,0.14692,0.07298,0.063005,0.09118,0.18328,0.49695,0.56369,-81.711
0.36593,0.15342,0.078617,0.068987,0.10145,0.18944,0.48556,0.55961,-82.895
0.36593,0.15342,0.078617,0.068987,0.10145,0.18944,0.48556,0.55961,-84.079
0.37638,0.15801,0.082291,0.072324,0.10732,0.19651,0.49162,0.55434,-85.263
0.37638,0.15801,0.082291,0.072324,0.10732,0.19651,0.49162,0.55434,-86.447
0.37638,0.15801,0.082291,0.072324,0.10732,0.19651,0.49162,0.55434,-87.632
0.41187,0.19396,0.10362,0.086627,0.13106,0.23847,0.52387,0.57356,-88.816
0.41187,0.19396,0.10362,0.086627,0.13106,0.23847,0.52387,0.57356,-90
0.0929,0.027594,0.022977,0.015722,0.025436,0.028652,0.14377,0.39045,0
0.0929,0.027594,0.022977,0.015722,0.025436,0.028652,0.14377,0.39045,-1.0976
0.0929,0.027594,0.022977,0.015722,0.025436,0.028652,0.14377,0.39045,-2.1951
0.099253,0.028665,0.02347,0.015649,0.026306,0.030559,0.1541,0.4208,-3.2927
0.099253,0.028665,0.02347,0.015649,0.026306,0.030559,0.1541,0.4208,-4.3902
0.099253,0.028665,0.02347,0.015649,0.026306,0.030559,0.1541,0.4208,-5.4878
0.099253,0.028665,0.02347,0.015649,0.026306,0.030559,0.1541,0.4208,-6.5854
0.10889,0.031396,0.024921,0.016318,0.02769,0.033795,0.16358,0.43121,-7.6829
0.10889,0.031396,0.024921,0.016318,0.02769,0.033795,0.16358,0.43121,-8.7805
0.10889,0.031396,0.024921,0.016318,0.02769,0.033795,0.16358,0.43121,-9.878
0.10889,0.031396,0.024921,0.016318,0.02769,0.033795,0.16358,0.43121,-10.976
0.10889,0.031396,0.024921,0.016318,0.02769,0.033795,0.16358,0.43121,-12.073
0.13829,0.040969,0.026335,0.018343,0.029711,0.040876,0.19828,0.45798,-13.171
0.13829,0.040969,0.026335,0.018343,0.029711,0.040876,0.19828,0.45798,-14.268
0.13829,0.040969,0.026335,0.018343,0.029711,0.040876,0.19828,0.45798,-15.366
0.14415,0.043882,0.027455,0.019726,0.031481,0.044237,0.22248,0.45623,-16.463
0.14415,0.043882,0.027455,0.019726,0.031481,0.044237,0.22248,0.45623,-17.561
0.14415,0.043882,0.027455,0.019726,0.031481,0.044237,0.22248,0.45623,-18.659
0.18652,0.054127,0.029297,0.02419,0.037923,0.053389,0.24714,0.49064,-19.756
0.18652,0.054127,0.029297,0.02419,0.037923,0.053389,0.24714,0.49064,-20.854
0.18652,0.054127,0.029297,0.02419,0.037923,0.053389,0.24714,0.49064,-21.951
0.1833,0.054959,0.030546,0.024488,0.039788,0.055765,0.25419,0.49178,-23.049
0.1833,0.054959,0.030546,0.024488,0.039788,0.055765,0.25419,0.49178,-24.146
0.18892,0.055222,0.030446,0.024597,0.039855,0.055833,0.25804,0.50108,-25.244
0.18892,0.055222,0.030446,0.024597,0.039855,0.055833,0.25804,0.50108,-26.341
0.18892,0.055222,0.030446,0.024597,0.039855,0.055833,0.25804,0.50108,-27.439
0.22617,0.068153,0.036706,0.030621,0.04654,0.072413,0.28555,0.51435,-28.537
0.22617,0.068153,0.036706,0.030621,0.04654,0.072413,0.28555,0.51435,-29.634
0.22617,0.068153,0.036706,0.030621,0.04654,0.072413,0.28555,0.51435,-30.732
0.22617,0.068153,0.036706,0.030621,0.04654,0.072413,0.28555,0.51435,-31.829
0.22617,0.068153,0.036706,0.030621,0.04654,0.072413,0.28555,0.51435,-32.927
0.22634,0.068125,0.036789,0.030621,0.046137,0.072329,0.28639,0.51176,-34.024
0.22634,0.068125,0.036789,0.030621,0.046137,0.072329,0.28639,0.51176,-35.122
0.22882,0.069779,0.037721,0.031299,0.046335,0.072413,0.2862,0.52091,-36.22
0.22882,0.069779,0.037721,0.031299,0.046335,0.072413,0.2862,0.52091,-37.317
0.22882,0.069779,0.037721,0.031299,0.046335,0.072413,0.2862,0.52091,-38.415
0.23015,0.070971,0.037852,0.031843,0.047634,0.07581,0.2952,0.52995,-39.512
0.23015,0.070971,0.037852,0.031843,0.047634,0.07581,0.2952,0.52995,-40.61
0.2933,0.095095,0.045663,0.03863,0.057144,0.10218,0.3698,0.59215,-41.707
0.2933,0.095095,0.045663,0.03863,0.057144,0.10218,0.3698,0.59215,-42.805
0.2933,0.095095,0.045663,0.03863,0.057144,0.10218,0.3698,0.59215,-43.902
0.29052,0.095372,0.045921,0.038994,0.057543,0.10208,0.36527,0.5863,-45
0.29052,0.095372,0.045921,0.038994,0.057543,0.10208,0.36527,0.5863,-46.098
0.3002,0.099598,0.048507,0.041597,0.060339,0.10576,0.37253,0.58675,-47.195
0.3002,0.099598,0.048507,0.041597,0.060339,0.10576,0.37253,0.58675,-48.293
0.3002,0.099598,0.048507,0.041597,0.060339,0.10576,0.37253,0.58675,-49.39
0.33445,0.1121,0.056031,0.047554,0.067018,0.11904,0.40702,0.59206,-50.488
0.33445,0.1121,0.056031,0.047554,0.067018,0.11904,0.40702,0.59206,-51.585
0.33445,0.1121,0.056031,0.047554,0.067018,0.11904,0.40702,0.59206,-52.683
0.33475,0.11283,0.056553,0.047722,0.067681,0.1197,0.40631,0.5896,-53.78
0.33475,0.11283,0.056553,0.047722,0.067681,0.1197,0.40631,0.5896,-54.878
0.34483,0.11705,0.059164,0.049457,0.071095,0.12375,0.40614,0.5953,-55.976
0.34483,0.11705,0.059164,0.049457,0.071095,0.12375,0.40614,0.5953,-57.073
0.34483,0.11705,0.059164,0.049457,0.071095,0.12375,0.40614,0.5953,-58.171
0.34483,0.11705,0.059164,0.049457,0.071095,0.12375,0.40614,0.5953,-59.268
0.34483,0.11705,0.059164,0.049457,0.071095,0.12375,0.40614,0.5953,-60.366
0.34483,0.11705,0.059164,0.049457,0.071095,0.12375,0.40614,0.5953,-61.463
0.34474,0.11716,0.059164,0.049572,0.071057,0.12387,0.40634,0.59472,-62.561
0.34474,0.11716,0.059164,0.049572,0.071057,0.12387,0.40634,0.59472,-63.659
0.40948,0.1414,0.070367,0.057377,0.082435,0.13585,0.47637,0.62853,-64.756
0.40948,0.1414,0.070367,0.057377,0.082435,0.13585,0.47637,0.62853,-65.854
0.40948,0.1414,0.070367,0.057377,0.082435,0.13585,0.47637,0.62853,-66.951
0.40948,0.1414,0.070367,0.057377,0.082435,0.13585,0.47637,0.62853,-68.049
0.40948,0.1414,0.070367,0.057377,0.082435,0.13585,0.47637,0.62853,-69.146
0.43748,0.14918,0.075011,0.060597,0.087825,0.13725,0.47403,0.62416,-70.244
0.43748,0.14918,0.075011,0.060597,0.087825,0.13725,0.47403,0.62416,-71.341
0.45524,0.15956,0.079983,0.065212,0.091805,0.13376,0.46334,0.61661,-72.439
0.45524,0.15956,0.079983,0.065212,0.091805,0.13376,0.46334,0.61661,-73.537
0.4614,0.163,0.082758,0.067347,0.094621,0.13486,0.48832,0.62231,-74.634
0.4614,0.163,0.082758,0.067347,0.094621,0.13486,0.48832,0.62231,-75.732
0.4614,0.163,0.082758,0.067347,0.094621,0.13486,0.48832,0.62231,-76.829
0.4614,0.163,0.082758,0.067347,0.094621,0.13486,0.48832,0.62231,-77.927
0.4614,0.163,0.082758,0.067347,0.094621,0.13486,0.48832,0.62231,-79.024
0.4601,0.15975,0.08157,0.068141,0.095316,0.14472,0.50174,0.62385,-80.122
0.4601,0.15975,0.08157,0.068141,0.095316,0.14472,0.50174,0.62385,-81.22
0.45841,0.16106,0.082189,0.069208,0.097629,0.15235,0.51196,0.62489,-82.317
0.45841,0.16106,0.082189,0.069208,0.097629,0.15235,0.51196,0.62489,-83.415
0.45841,0.16106,0.082189,0.069208,0.097629,0.15235,0.51196,0.62489,-84.512
0.45841,0.16106,0.082189,0.069208,0.097629,0.15235,0.51196,0.62489,-85.61
0.45841,0.16106,0.082189,0.069208,0.097629,0.15235,0.51196,0.62489,-86.707
0.45841,0.16106,0.082189,0.069208,0.097629,0.15235,0.51196,0.62489,-87.805
0.49829,0.18229,0.094907,0.081481,0.11712,0.20651,0.56037,0.63403,-88.902
0.49829,0.18229,0.094907,0.081481,0.11712,0.20651,0.56037,0.63403,-90
0.068304,0.021162,0.019157,0.012628,0.044956,0.038173,0.11352,0.32104,0
0.068304,0.021162,0.019157,0.012628,0.044956,0.038173,0.11352,0.32104,-1.3636
0.074777,0.022011,0.018611,0.013131,0.042755,0.039654,0.1168,0.31048,-2.7273
0.074777,0.022011,0.018611,0.013131,0.042755,0.039654,0.1168,0.31048,-4.0909
0.074777,0.022011,0.018611,0.013131,0.042755,0.039654,0.1168,0.31048,-5.4545
0.074777,0.022011,0.018611,0.013131,0.042755,0.039654,0.1168,0.31048,-6.8182
0.074777,0.022011,0.018611,0.013131,0.042755,0.039654,0.1168,0.31048,-8.1818
0.074777,0.022011,0.018611,0.013131,0.042755,0.039654,0.1168,0.31048,-9.5455
0.079384,0.022097,0.017643,0.012926,0.041533,0.042924,0.12133,0.31588,-10.909
0.079384,0.022097,0.017643,0.012926,0.041533,0.042924,0.12133,0.31588,-12.273
0.10016,0.024332,0.018529,0.013333,0.04082,0.041944,0.12096,0.3246,-13.636
0.10016,0.024332,0.018529,0.013333,0.04082,0.041944,0.12096,0.3246,-15
0.12208,0.02563,0.017986,0.013475,0.039615,0.042388,0.12315,0.3323,-16.364
0.12208,0.02563,0.017986,0.013475,0.039615,0.042388,0.12315,0.3323,-17.727
0.12208,0.02563,0.017986,0.013475,0.039615,0.042388,0.12315,0.3323,-19.091
0.14987,0.028478,0.017901,0.0137,0.035695,0.042603,0.13672,0.34501,-20.455
0.14987,0.028478,0.017901,0.0137,0.035695,0.042603,0.13672,0.34501,-21.818
0.16052,0.029992,0.018176,0.014057,0.035491,0.044323,0.14642,0.35223,-23.182
0.16052,0.029992,0.018176,0.014057,0.035491,0.044323,0.14642,0.35223,-24.545
0.16052,0.029992,0.018176,0.014057,0.035491,0.044323,0.14642,0.35223,-25.909
0.17606,0.03318,0.018754,0.014977,0.030232,0.04341,0.16502,0.3766,-27.273
0.17606,0.03318,0.018754,0.014977,0.030232,0.04341,0.16502,0.3766,-28.636
0.17593,0.033591,0.018734,0.015179,0.03027,0.043743,0.16494,0.37812,-30
0.17593,0.033591,0.018734,0.015179,0.03027,0.043743,0.16494,0.37812,-31.364
0.17773,0.032891,0.018529,0.014849,0.028732,0.047698,0.18207,0.39883,-32.727
0.17773,0.032891,0.018529,0.014849,0.028732,0.047698,0.18207,0.39883,-34.091
0.17773,0.032891,0.018529,0.014849,0.028732,0.047698,0.18207,0.39883,-35.455
0.20026,0.037762,0.020872,0.017049,0.030358,0.049925,0.1932,0.42051,-36.818
0.20026,0.037762,0.020872,0.017049,0.030358,0.049925,0.1932,0.42051,-38.182
0.20026,0.037762,0.020872,0.017049,0.030358,0.049925,0.1932,0.42051,-39.545
0.20026,0.037762,0.020872,0.017049,0.030358,0.049925,0.1932,0.42051,-40.909
0.20026,0.037762,0.020872,0.017049,0.030358,0.049925,0.1932,0.42051,-42.273
0.21092,0.040075,0.022827,0.018091,0.030283,0.051021,0.20783,0.41954,-43.636
0.21092,0.040075,0.022827,0.018091,0.030283,0.051021,0.20783,0.41954,-45
0.21092,0.040075,0.022827,0.018091,0.030283,0.051021,0.20783,0.41954,-46.364
0.23827,0.047135,0.024096,0.020222,0.031408,0.053886,0.23921,0.46403,-47.727
0.23827,0.047135,0.024096,0.020222,0.031408,0.053886,0.23921,0.46403,-49.091
0.24519,0.048096,0.024767,0.021395,0.032271,0.053652,0.24481,0.46355,-50.455
0.24519,0.048096,0.024767,0.021395,0.032271,0.053652,0.24481,0.46355,-51.818
0.27504,0.055511,0.027704,0.023729,0.038173,0.074239,0.28409,0.49257,-53.182
0.27504,0.055511,0.027704,0.023729,0.038173,0.074239,0.28409,0.49257,-54.545
0.27504,0.055511,0.027704,0.023729,0.038173,0.074239,0.28409,0.49257,-55.909
0.28621,0.057853,0.028384,0.024363,0.039779,0.078315,0.2996,0.51147,-57.273
0.28621,0.057853,0.028384,0.024363,0.039779,0.078315,0.2996,0.51147,-58.636
0.29453,0.062823,0.032188,0.027525,0.045108,0.090276,0.34425,0.53926,-60
0.29453,0.062823,0.032188,0.027525,0.045108,0.090276,0.34425,0.53926,-61.364
0.29881,0.063912,0.032705,0.028155,0.04663,0.10396,0.35588,0.56038,-62.727
0.29881,0.063912,0.032705,0.028155,0.04663,0.10396,0.35588,0.56038,-64.091
0.31158,0.072645,0.036487,0.030943,0.049449,0.11207,0.36922,0.56411,-65.455
0.31158,0.072645,0.036487,0.030943,0.049449,0.11207,0.36922,0.56411,-66.818
0.33476,0.080059,0.039855,0.032306,0.050954,0.11257,0.40012,0.57815,-68.182
0.33476,0.080059,0.039855,0.032306,0.050954,0.11257,0.40012,0.57815,-69.545
0.33476,0.080059,0.039855,0.032306,0.050954,0.11257,0.40012,0.57815,-70.909
0.33931,0.081518,0.040359,0.033318,0.052138,0.11216,0.39989,0.58,-72.273
0.33931,0.081518,0.040359,0.033318,0.052138,0.11216,0.39989,0.58,-73.636
0.3592,0.098972,0.048341,0.040764,0.060817,0.12907,0.4345,0.58015,-75
0.3592,0.098972,0.048341,0.040764,0.060817,0.12907,0.4345,0.58015,-76.364
0.3592,0.098972,0.048341,0.040764,0.060817,0.12907,0.4345,0.58015,-77.727
0.38064,0.11052,0.053288,0.045176,0.064477,0.13818,0.47532,0.59124,-79.091
0.38064,0.11052,0.053288,0.045176,0.064477,0.13818,0.47532,0.59124,-80.455
0.40922,0.1264,0.061584,0.053787,0.07361,0.1519,0.48771,0.61271,-81.818
0.40922,0.1264,0.061584,0.053787,0.07361,0.1519,0.48771,0.61271,-83.182
0.40922,0.1264,0.061584,0.053787,0.07361,0.1519,0.48771,0.61271,-84.545
0.40922,0.1264,0.061584,0.053787,0.07361,0.1519,0.48771,0.61271,-85.909
0.40922,0.1264,0.061584,0.053787,0.07361,0.1519,0.48771,0.61271,-87.273
0.41006,0.13137,0.065475,0.058208,0.080662,0.16799,0.53554,0.61474,-88.636
0.41006,0.13137,0.065475,0.058208,0.080662,0.16799,0.53554,0.61474,-90
0.061497,0.01855,0.021819,0.011522,0.034399,0.037037,0.11395,0.36275,0
0.061497,0.01855,0.021819,0.011522,0.034399,0.037037,0.11395,0.36275,-0.90909
0.061497,0.01855,0.021819,0.011522,0.034399,0.037037,0.11395,0.36275,-1.8182
0.061497,0.01855,0.021819,0.011522,0.034399,0.037037,0.11395,0.36275,-2.7273
0.061497,0.01855,0.021819,0.011522,0.034399,0.037037,0.11395,0.36275,-3.6364
0.0747,0.022744,0.022045,0.013131,0.035641,0.03974,0.10909,0.36457,-4.5455
0.0747,0.022744,0.022045,0.013131,0.035641,0.03974,0.10909,0.36457,-5.4545
0.0747,0.022744,0.022045,0.013131,0.035641,0.03974,0.10909,0.36457,-6.3636
0.0747,0.022744,0.022045,0.013131,0.035641,0.03974,0.10909,0.36457,-7.2727
0.0747,0.022744,0.022045,0.013131,0.035641,0.03974,0.10909,0.36457,-8.1818
0.081317,0.024048,0.022303,0.013218,0.035716,0.040359,0.11132,0.37348,-9.0909
0.081317,0.024048,0.022303,0.013218,0.035716,0.040359,0.11132,0.37348,-10
0.10286,0.034993,0.02334,0.014642,0.046851,0.047506,0.14687,0.41381,-10.909
0.10286,0.034993,0.02334,0.014642,0.046851,0.047506,0.14687,0.41381,-11.818
0.10286,0.034993,0.02334,0.014642,0.046851,0.047506,0.14687,0.41381,-12.727
0.11553,0.036934,0.023745,0.014849,0.046104,0.047514,0.15578,0.38932,-13.636
0.11553,0.036934,0.023745,0.014849,0.046104,0.047514,0.15578,0.38932,-14.545
0.12431,0.039432,0.024705,0.015649,0.046004,0.048096,0.16391,0.38797,-15.455
0.12431,0.039432,0.024705,0.015649,0.046004,0.048096,0.16391,0.38797,-16.364
0.12431,0.039432,0.024705,0.015649,0.046004,0.048096,0.16391,0.38797,-17.273
0.14143,0.042532,0.023421,0.016341,0.045496,0.047618,0.16775,0.42243,-18.182
0.14143,0.042532,0.023421,0.016341,0.045496,0.047618,0.16775,0.42243,-19.091
0.15504,0.046137,0.024982,0.017815,0.046891,0.050901,0.1779,0.4296,-20
0.15504,0.046137,0.024982,0.017815,0.046891,0.050901,0.1779,0.4296,-20.909
0.1725,0.052582,0.027218,0.02041,0.045921,0.05166,0.18318,0.44574,-21.818
0.1725,0.052582,0.027218,0.02041,0.045921,0.05166,0.18318,0.44574,-22.727
0.17321,0.052647,0.027176,0.02041,0.045955,0.051638,0.18385,0.44569,-23.636
0.17321,0.052647,0.027176,0.02041,0.045955,0.051638,0.18385,0.44569,-24.545
0.17321,0.052647,0.027176,0.02041,0.045955,0.051638,0.18385,0.44569,-25.455
0.17367,0.052647,0.027246,0.020559,0.044879,0.051822,0.18543,0.44359,-26.364
0.17367,0.052647,0.027246,0.020559,0.044879,0.051822,0.18543,0.44359,-27.273
0.20552,0.059318,0.02889,0.022218,0.047738,0.054331,0.21936,0.45276,-28.182
0.20552,0.059318,0.02889,0.022218,0.047738,0.054331,0.21936,0.45276,-29.091
0.20552,0.059318,0.02889,0.022218,0.047738,0.054331,0.21936,0.45276,-30
0.20552,0.059318,0.02889,0.022218,0.047738,0.054331,0.21936,0.45276,-30.909
0.20552,0.059318,0.02889,0.022218,0.047738,0.054331,0.21936,0.45276,-31.818
0.20485,0.055655,0.027759,0.022406,0.041192,0.05264,0.21729,0.46891,-32.727
0.20485,0.055655,0.027759,0.022406,0.041192,0.05264,0.21729,0.46891,-33.636
0.2204,0.058685,0.029127,0.023648,0.037427,0.058117,0.25598,0.49528,-34.545
0.2204,0.058685,0.029127,0.023648,0.037427,0.058117,0.25598,0.49528,-35.455
0.2204,0.058685,0.029127,0.023648,0.037427,0.058117,0.25598,0.49528,-36.364
0.24076,0.063607,0.031505,0.02658,0.041109,0.066859,0.27487,0.49812,-37.273
0.24076,0.063607,0.031505,0.02658,0.041109,0.066859,0.27487,0.49812,-38.182
0.24076,0.063607,0.031505,0.02658,0.041109,0.066859,0.27487,0.49812,-39.091
0.24076,0.063607,0.031505,0.02658,0.041109,0.066859,0.27487,0.49812,-40
0.24076,0.063607,0.031505,0.02658,0.041109,0.066859,0.27487,0.49812,-40.909
0.2522,0.067109,0.035437,0.029569,0.048294,0.075831,0.3166,0.51231,-41.818
0.2522,0.067109,0.035437,0.029569,0.048294,0.075831,0.3166,0.51231,-42.727
0.2522,0.067109,0.035437,0.029569,0.048294,0.075831,0.3166,0.51231,-43.636
0.2522,0.067109,0.035437,0.029569,0.048294,0.075831,0.3166,0.51231,-44.545
0.2522,0.067109,0.035437,0.029569,0.048294,0.075831,0.3166,0.51231,-45.455
0.25435,0.070853,0.040913,0.036056,0.06193,0.099613,0.33402,0.53088,-46.364
0.25435,0.070853,0.040913,0.036056,0.06193,0.099613,0.33402,0.53088,-47.273
0.25435,0.070853,0.040913,0.036056,0.06193,0.099613,0.33402,0.53088,-48.182
0.25435,0.070853,0.040913,0.036056,0.06193,0.099613,0.33402,0.53088,-49.091
0.25435,0.070853,0.040913,0.036056,0.06193,0.099613,0.33402,0.53088,-50
0.25435,0.070853,0.040913,0.036056,0.06193,0.099613,0.33402,0.53088,-50.909
0.25435,0.070853,0.040913,0.036056,0.06193,0.099613,0.33402,0.53088,-51.818
0.27856,0.074301,0.043093,0.03948,0.066378,0.11955,0.35531,0.55623,-52.727
0.27856,0.074301,0.043093,0.03948,0.066378,0.11955,0.35531,0.55623,-53.636
0.27856,0.074301,0.043093,0.03948,0.066378,0.11955,0.35531,0.55623,-54.545
0.27856,0.074301,0.043093,0.03948,0.066378,0.11955,0.35531,0.55623,-55.455
0.27856,0.074301,0.043093,0.03948,0.066378,0.11955,0.35531,0.55623,-56.364
0.27855,0.074409,0.043305,0.039634,0.066401,0.11954,0.361,0.55544,-57.273
0.27855,0.074409,0.043305,0.039634,0.066401,0.11954,0.361,0.55544,-58.182
0.32883,0.088561,0.050879,0.048491,0.078198,0.14284,0.40201,0.58044,-59.091
0.32883,0.088561,0.050879,0.048491,0.078198,0.14284,0.40201,0.58044,-60
0.32883,0.088561,0.050879,0.048491,0.078198,0.14284,0.40201,0.58044,-60.909
0.32883,0.088561,0.050879,0.048491,0.078198,0.14284,0.40201,0.58044,-61.818
0.32883,0.088561,0.050879,0.048491,0.078198,0.14284,0.40201,0.58044,-62.727
0.32883,0.088561,0.050879,0.048491,0.078198,0.14284,0.40201,0.58044,-63.636
0.32059,0.088716,0.051208,0.049062,0.079139,0.14972,0.40314,0.57735,-64.545
0.32059,0.088716,0.051208,0.049062,0.079139,0.14972,0.40314,0.57735,-65.455
0.32152,0.089063,0.051364,0.049116,0.079235,0.14978,0.39731,0.57062,-66.364
0.32152,0.089063,0.051364,0.049116,0.079235,0.14978,0.39731,0.57062,-67.273
0.32152,0.089063,0.051364,0.049116,0.079235,0.14978,0.39731,0.57062,-68.182
0.32216,0.08911,0.051364,0.049109,0.079336,0.15237,0.39696,0.56682,-69.091
0.32216,0.08911,0.051364,0.049109,0.079336,0.15237,0.39696,0.56682,-70
0.40385,0.15455,0.082106,0.073656,0.1089,0.21135,0.465,0.54425,-70.909
0.40385,0.15455,0.082106,0.073656,0.1089,0.21135,0.465,0.54425,-71.818
0.40385,0.15455,0.082106,0.073656,0.1089,0.21135,0.465,0.54425,-72.727
0.40346,0.15457,0.082161,0.073615,0.10858,0.2152,0.46479,0.55127,-73.636
0.40346,0.15457,0.082161,0.073615,0.10858,0.2152,0.46479,0.55127,-74.545
0.40346,0.15457,0.082161,0.073615,0.10858,0.2152,0.46479,0.55127,-75.455
0.40346,0.15457,0.082161,0.073615,0.10858,0.2152,0.46479,0.55127,-76.364
0.41614,0.17221,0.091888,0.080983,0.11767,0.23141,0.51628,0.58781,-77.273
0.41614,0.17221,0.091888,0.080983,0.11767,0.23141,0.51628,0.58781,-78.182
0.41614,0.17221,0.091888,0.080983,0.11767,0.23141,0.51628,0.58781,-79.091
0.41614,0.17221,0.091888,0.080983,0.11767,0.23141,0.51628,0.58781,-80
0.41614,0.17221,0.091888,0.080983,0.11767,0.23141,0.51628,0.58781,-80.909
0.41614,0.17221,0.091888,0.080983,0.11767,0.23141,0.51628,0.58781,-81.818
0.41953,0.17817,0.095184,0.082638,0.12071,0.24594,0.54041,0.62971,-82.727
0.41953,0.17817,0.095184,0.082638,0.12071,0.24594,0.54041,0.62971,-83.636
0.41953,0.17817,0.095184,0.082638,0.12071,0.24594,0.54041,0.62971,-84.545
0.41953,0.17817,0.095184,0.082638,0.12071,0.24594,0.54041,0.62971,-85.455
0.41953,0.17817,0.095184,0.082638,0.12071,0.24594,0.54041,0.62971,-86.364
0.41953,0.17817,0.095184,0.082638,0.12071,0.24594,0.54041,0.62971,-87.273
0.41953,0.17817,0.095184,0.082638,0.12071,0.24594,0.54041,0.62971,-88.182
0.46832,0.20508,0.10707,0.093575,0.13537,0.25125,0.60688,0.61884,-89.091
0.46832,0.20508,0.10707,0.093575,0.13537,0.25125,0.60688,0.61884,-90
