0.06032,0.024612,0.04263,0.014057,0.021644,0.015453,0.032647,0.14262,0.35398,0
0.06032,0.024612,0.04263,0.014057,0.021644,0.015453,0.032647,0.14262,0.35398,-1.0714
0.059325,0.02419,0.045083,0.013866,0.021802,0.015601,0.031542,0.14318,0.35458,-2.1429
0.059325,0.02419,0.045083,0.013866,0.021802,0.015601,0.031542,0.14318,0.35458,-3.2143
0.059594,0.024612,0.045286,0.013866,0.022609,0.015502,0.03165,0.14319,0.35631,-4.2857
0.059594,0.024612,0.045286,0.013866,0.022609,0.015502,0.03165,0.14319,0.35631,-5.3571
0.059428,0.02469,0.045512,0.013921,0.024175,0.015915,0.032034,0.13956,0.35524,-6.4286
0.059428,0.02469,0.045512,0.013921,0.024175,0.015915,0.032034,0.13956,0.35524,-7.5
0.063319,0.025451,0.041284,0.014057,0.026694,0.016364,0.031189,0.13932,0.35768,-8.5714
0.063319,0.025451,0.041284,0.014057,0.026694,0.016364,0.031189,0.13932,0.35768,-9.6429
0.062457,0.025088,0.042558,0.013783,0.027007,0.016294,0.030943,0.14561,0.36374,-10.714
0.062457,0.025088,0.042558,0.013783,0.027007,0.016294,0.030943,0.14561,0.36374,-11.786
0.065113,0.024535,0.044718,0.014165,0.02825,0.016294,0.031855,0.15411,0.37904,-12.857
0.065113,0.024535,0.044718,0.014165,0.02825,0.016294,0.031855,0.15411,0.37904,-13.929
0.065603,0.024844,0.045521,0.014406,0.029009,0.016082,0.030845,0.14965,0.37596,-15
0.065603,0.024844,0.045521,0.014406,0.029009,0.016082,0.030845,0.14965,0.37596,-16.071
0.069582,0.025719,0.044718,0.014084,0.028824,0.01655,0.031299,0.15914,0.38991,-17.143
0.069582,0.025719,0.044718,0.014084,0.028824,0.01655,0.031299,0.15914,0.38991,-18.214
0.071159,0.027035,0.045921,0.01356,0.039538,0.017161,0.031938,0.1649,0.41121,-19.286
0.071159,0.027035,0.045921,0.01356,0.039538,0.017161,0.031938,0.1649,0.41121,-20.357
0.070388,0.028005,0.047546,0.013672,0.041817,0.018835,0.034444,0.16729,0.422,-21.429
0.070388,0.028005,0.047546,0.013672,0.041817,0.018835,0.034444,0.16729,0.422,-22.5
0.070524,0.026993,0.046916,0.013447,0.043682,0.018713,0.035037,0.16903,0.42434,-23.571
0.070524,0.026993,0.046916,0.013447,0.043682,0.018713,0.035037,0.16903,0.42434,-24.643
0.070724,0.025164,0.043004,0.01472,0.043261,0.018384,0.03612,0.16742,0.4188,-25.714
0.070724,0.025164,0.043004,0.01472,0.043261,0.018384,0.03612,0.16742,0.4188,-26.786
0.072192,0.025525,0.041469,0.014564,0.043568,0.018343,0.03761,0.16551,0.41878,-27.857
0.072192,0.025525,0.041469,0.014564,0.043568,0.018343,0.03761,0.16551,0.41878,-28.929
0.07361,0.025674,0.053745,0.014875,0.046046,0.018488,0.038263,0.16938,0.44008,-30
0.07361,0.025674,0.053745,0.014875,0.046046,0.018488,0.038263,0.16938,0.44008,-31.071
0.077132,0.028943,0.054028,0.014849,0.04831,0.019374,0.040407,0.17071,0.45375,-32.143
0.081039,0.029915,0.054014,0.014616,0.04994,0.020688,0.045646,0.17051,0.46637,-33.214
0.081039,0.029915,0.054014,0.014616,0.04994,0.020688,0.045646,0.17051,0.46637,-34.286
0.080761,0.030943,0.055381,0.014352,0.066429,0.020762,0.045344,0.16859,0.48256,-35.357
0.080761,0.030943,0.055381,0.014352,0.066429,0.020762,0.045344,0.16859,0.48256,-36.429
0.094536,0.033716,0.056262,0.014511,0.073163,0.024473,0.05129,0.17452,0.52247,-37.5
0.094536,0.033716,0.056262,0.014511,0.073163,0.024473,0.05129,0.17452,0.52247,-38.571
0.097347,0.033807,0.056147,0.014797,0.079279,0.024859,0.053088,0.1796,0.53893,-39.643
0.097347,0.033807,0.056147,0.014797,0.079279,0.024859,0.053088,0.1796,0.53893,-40.714
0.097594,0.036003,0.058542,0.015771,0.076507,0.024348,0.05351,0.17431,0.53659,-41.786
0.097594,0.036003,0.058542,0.015771,0.076507,0.024348,0.05351,0.17431,0.53659,-42.857
0.10248,0.036508,0.061924,0.016058,0.081242,0.023567,0.055194,0.17698,0.55395,-43.929
0.10248,0.036508,0.061924,0.016058,0.081242,0.023567,0.055194,0.17698,0.55395,-45
0.10191,0.03682,0.062451,0.016411,0.08224,0.024674,0.055553,0.18133,0.56139,-46.071
0.10191,0.03682,0.062451,0.016411,0.08224,0.024674,0.055553,0.18133,0.56139,-47.143
0.10046,0.03681,0.064323,0.016082,0.084919,0.025585,0.05482,0.17861,0.56161,-48.214
0.10046,0.03681,0.064323,0.016082,0.084919,0.025585,0.05482,0.17861,0.56161,-49.286
0.10013,0.036644,0.063799,0.016011,0.086035,0.025689,0.054569,0.18174,0.56462,-50.357
0.10369,0.037508,0.061732,0.017116,0.088107,0.026936,0.056004,0.18079,0.57188,-51.429
0.10369,0.037508,0.061732,0.017116,0.088107,0.026936,0.056004,0.18079,0.57188,-52.5
0.10369,0.037508,0.061732,0.017116,0.088107,0.026936,0.056004,0.18079,0.57188,-53.571
0.10302,0.03612,0.068693,0.017426,0.0902,0.027246,0.055229,0.18151,0.57944,-54.643
0.11125,0.035918,0.068965,0.018176,0.098384,0.02678,0.051645,0.17878,0.58989,-55.714
0.11125,0.035918,0.068965,0.018176,0.098384,0.02678,0.051645,0.17878,0.58989,-56.786
0.11125,0.035918,0.068965,0.018176,0.098384,0.02678,0.051645,0.17878,0.58989,-57.857
0.11103,0.036456,0.069653,0.018446,0.10104,0.027732,0.055635,0.1845,0.6045,-58.929
0.11103,0.036456,0.069653,0.018446,0.10104,0.027732,0.055635,0.1845,0.6045,-60
0.11538,0.036769,0.068893,0.01857,0.10384,0.027924,0.055833,0.18445,0.61165,-61.071
0.11538,0.036769,0.068893,0.01857,0.10384,0.027924,0.055833,0.18445,0.61165,-62.143
0.11827,0.038847,0.068876,0.018876,0.096386,0.02791,0.058815,0.18264,0.61062,-63.214
0.11827,0.038847,0.068876,0.018876,0.096386,0.02791,0.058815,0.18264,0.61062,-64.286
0.1184,0.038857,0.070356,0.022303,0.098221,0.028141,0.062457,0.17975,0.61848,-65.357
0.1184,0.038857,0.070356,0.022303,0.098221,0.028141,0.062457,0.17975,0.61848,-66.429
0.1171,0.037872,0.072255,0.023486,0.10072,0.029479,0.065748,0.19116,0.63782,-67.5
0.1171,0.037872,0.072255,0.023486,0.10072,0.029479,0.065748,0.19116,0.63782,-68.571
0.11339,0.036393,0.067347,0.023438,0.099264,0.031029,0.065847,0.18995,0.62666,-69.643
0.11339,0.036393,0.067347,0.023438,0.099264,0.031029,0.065847,0.18995,0.62666,-70.714
0.12251,0.036737,0.066458,0.027469,0.10422,0.032682,0.073022,0.20496,0.66806,-71.786
0.12251,0.036737,0.066458,0.027469,0.10422,0.032682,0.073022,0.20496,0.66806,-72.857
0.13131,0.039683,0.065452,0.029877,0.11059,0.033603,0.078791,0.21826,0.70757,-73.929
0.13131,0.039683,0.065452,0.029877,0.11059,0.033603,0.078791,0.21826,0.70757,-75
0.13607,0.039692,0.065777,0.030968,0.11527,0.033671,0.079322,0.21891,0.71968,-76.071
0.13607,0.039692,0.065777,0.030968,0.11527,0.033671,0.079322,0.21891,0.71968,-77.143
0.13726,0.040084,0.067211,0.031128,0.11762,0.033829,0.07982,0.22087,0.72782,-78.214
0.13726,0.040084,0.067211,0.031128,0.11762,0.033829,0.07982,0.22087,0.72782,-79.286
0.14641,0.040303,0.063192,0.030857,0.12353,0.034818,0.081176,0.22111,0.7414,-80.357
0.14641,0.040303,0.063192,0.030857,0.12353,0.034818,0.081176,0.22111,0.7414,-81.429
0.14538,0.041515,0.067296,0.032612,0.14154,0.034388,0.081124,0.2258,0.76964,-82.5
0.14538,0.041515,0.067296,0.032612,0.14154,0.034388,0.081124,0.2258,0.76964,-83.571
0.15982,0.046964,0.077221,0.034873,0.1597,0.037802,0.087394,0.22758,0.83136,-84.643
0.15982,0.046964,0.077221,0.034873,0.1597,0.037802,0.087394,0.22758,0.83136,-85.714
0.17246,0.049503,0.081714,0.036225,0.15937,0.03866,0.085835,0.22797,0.85174,-86.786
0.17246,0.049503,0.081714,0.036225,0.15937,0.03866,0.085835,0.22797,0.85174,-87.857
0.18973,0.056465,0.085265,0.036024,0.16727,0.039557,0.083607,0.23432,0.89225,-88.929
0.18973,0.056465,0.085265,0.036024,0.16727,0.039557,0.083607,0.23432,0.89225,-90
0.070502,0.017556,0.020279,0.01316,0.020485,0.015795,0.036737,0.15494,0.34946,0
0.070502,0.017556,0.020279,0.01316,0.020485,0.015795,0.036737,0.15494,0.34946,-1.125
0.070502,0.017556,0.020279,0.01316,0.020485,0.015795,0.036737,0.15494,0.34946,-2.25
0.070632,0.017556,0.022269,0.012985,0.021126,0.015329,0.036183,0.15709,0.35317,-3.375
0.071047,0.018028,0.022508,0.013014,0.02301,0.015867,0.036067,0.15711,0.35665,-4.5
0.071047,0.018028,0.022508,0.013014,0.02301,0.015867,0.036067,0.15711,0.35665,-5.625
0.072734,0.01855,0.023176,0.013044,0.025555,0.016892,0.037447,0.15777,0.36516,-6.75
0.077507,0.018713,0.024643,0.013247,0.027204,0.017116,0.038013,0.16277,0.37922,-7.875
0.077507,0.018713,0.024643,0.013247,0.027204,0.017116,0.038013,0.16277,0.37922,-9
0.079892,0.019276,0.024798,0.013361,0.030484,0.017837,0.038263,0.15997,0.38388,-10.125
0.079892,0.019276,0.024798,0.013361,0.030484,0.017837,0.038263,0.15997,0.38388,-11.25
0.082647,0.020222,0.025073,0.014138,0.04453,0.017943,0.038383,0.15555,0.39848,-12.375
0.082647,0.020222,0.025073,0.014138,0.04453,0.017943,0.038383,0.15555,0.39848,-13.5
0.084722,0.020817,0.025823,0.014192,0.059812,0.018134,0.038926,0.1658,0.42823,-14.625
0.084722,0.020817,0.025823,0.014192,0.059812,0.018134,0.038926,0.1658,0.42823,-15.75
0.086265,0.020835,0.027787,0.014849,0.061683,0.018754,0.040633,0.16135,0.43216,-16.875
0.086265,0.020835,0.027787,0.014849,0.061683,0.018754,0.040633,0.16135,0.43216,-18
0.088168,0.022643,0.031103,0.015304,0.063282,0.020651,0.04035,0.15274,0.43424,-19.125
0.088168,0.022643,0.031103,0.015304,0.063282,0.020651,0.04035,0.15274,0.43424,-20.25
0.086199,0.021993,0.031262,0.014926,0.064055,0.021555,0.04052,0.14691,0.42742,-21.375
0.086199,0.021993,0.031262,0.014926,0.064055,0.021555,0.04052,0.14691,0.42742,-22.5
0.087726,0.022609,0.032046,0.014977,0.06691,0.02232,0.04034,0.15601,0.44294,-23.625
0.087726,0.022609,0.032046,0.014977,0.06691,0.02232,0.04034,0.15601,0.44294,-24.75
0.089307,0.022372,0.030207,0.014977,0.072102,0.022811,0.04122,0.1644,0.4574,-25.875
0.089307,0.022372,0.030207,0.014977,0.072102,0.022811,0.04122,0.1644,0.4574,-27
0.094786,0.023905,0.030232,0.016642,0.080648,0.022894,0.040557,0.17443,0.4841,-28.125
0.094786,0.023905,0.030232,0.016642,0.080648,0.022894,0.040557,0.17443,0.4841,-29.25
0.091,0.023648,0.028758,0.017072,0.084726,0.022861,0.03915,0.18521,0.49242,-30.375
0.091,0.023648,0.028758,0.017072,0.084726,0.022861,0.03915,0.18521,0.49242,-31.5
0.093424,0.024222,0.029659,0.01828,0.088638,0.02334,0.041257,0.18151,0.50033,-32.625
0.093424,0.024222,0.029659,0.01828,0.088638,0.02334,0.041257,0.18151,0.50033,-33.75
0.098578,0.02566,0.035705,0.018835,0.092929,0.024643,0.041853,0.21016,0.54836,-34.875
0.098578,0.02566,0.035705,0.018835,0.092929,0.024643,0.041853,0.21016,0.54836,-36
0.10163,0.026737,0.041597,0.018673,0.08325,0.026233,0.046252,0.20564,0.55001,-37.125
0.10163,0.026737,0.041597,0.018673,0.08325,0.026233,0.046252,0.20564,0.55001,-38.25
0.11055,0.02833,0.04938,0.018916,0.094633,0.027316,0.047224,0.21111,0.58745,-39.375
0.11055,0.02833,0.04938,0.018916,0.094633,0.027316,0.047224,0.21111,0.58745,-40.5
0.11128,0.030182,0.047778,0.020014,0.10074,0.027937,0.050864,0.21463,0.60342,-41.625
0.11128,0.030182,0.047778,0.020014,0.10074,0.027937,0.050864,0.21463,0.60342,-42.75
0.1104,0.029928,0.047881,0.020222,0.10471,0.025719,0.049295,0.21739,0.60554,-43.875
0.1213,0.032188,0.05007,0.021288,0.10435,0.025585,0.052247,0.21654,0.62357,-45
0.1213,0.032188,0.05007,0.021288,0.10435,0.025585,0.052247,0.21654,0.62357,-46.125
0.1213,0.032188,0.05007,0.021288,0.10435,0.025585,0.052247,0.21654,0.62357,-47.25
0.12341,0.03411,0.051844,0.022063,0.10542,0.02658,0.056479,0.22511,0.64502,-48.375
0.12341,0.03411,0.051844,0.022063,0.10542,0.02658,0.056479,0.22511,0.64502,-49.5
0.12163,0.033614,0.052987,0.020945,0.11055,0.026637,0.057257,0.2279,0.65153,-50.625
0.12163,0.033614,0.052987,0.020945,0.11055,0.026637,0.057257,0.2279,0.65153,-51.75
0.12924,0.03655,0.055146,0.021342,0.11358,0.027358,0.060199,0.22842,0.67184,-52.875
0.12924,0.03655,0.055146,0.021342,0.11358,0.027358,0.060199,0.22842,0.67184,-54
0.13713,0.04109,0.060961,0.022643,0.11755,0.031372,0.063445,0.22294,0.69713,-55.125
0.13713,0.04109,0.060961,0.022643,0.11755,0.031372,0.063445,0.22294,0.69713,-56.25
0.1381,0.044871,0.062249,0.021993,0.11675,0.031614,0.064317,0.19945,0.67934,-57.375
0.1381,0.044871,0.062249,0.021993,0.11675,0.031614,0.064317,0.19945,0.67934,-58.5
0.13473,0.047985,0.069241,0.0222,0.11555,0.031238,0.062877,0.19672,0.68054,-59.625
0.13473,0.047985,0.069241,0.0222,0.11555,0.031238,0.062877,0.19672,0.68054,-60.75
0.12946,0.046964,0.064948,0.022166,0.10788,0.030968,0.059843,0.19113,0.65337,-61.875
0.12946,0.046964,0.064948,0.022166,0.10788,0.030968,0.059843,0.19113,0.65337,-63
0.12714,0.047514,0.068493,0.021976,0.10672,0.030459,0.058646,0.1875,0.64845,-64.125
0.12714,0.047514,0.068493,0.021976,0.10672,0.030459,0.058646,0.1875,0.64845,-65.25
0.13242,0.048844,0.071175,0.02244,0.10735,0.0322,0.063469,0.18655,0.66446,-66.375
0.12427,0.047706,0.072828,0.021538,0.12183,0.032787,0.064471,0.19243,0.67785,-67.5
0.12427,0.047706,0.072828,0.021538,0.12183,0.032787,0.064471,0.19243,0.67785,-68.625
0.13435,0.048953,0.079653,0.021819,0.12563,0.033432,0.065148,0.18063,0.68962,-69.75
0.13435,0.048953,0.079653,0.021819,0.12563,0.033432,0.065148,0.18063,0.68962,-70.875
0.13513,0.050789,0.080907,0.022541,0.12142,0.033739,0.068041,0.15963,0.6722,-72
0.13513,0.050789,0.080907,0.022541,0.12142,0.033739,0.068041,0.15963,0.6722,-73.125
0.13487,0.052094,0.087101,0.022372,0.11818,0.034598,0.068976,0.1603,0.67849,-74.25
0.12626,0.052473,0.087982,0.02266,0.11654,0.03098,0.064642,0.16143,0.66296,-75.375
0.12626,0.052473,0.087982,0.02266,0.11654,0.03098,0.064642,0.16143,0.66296,-76.5
0.12318,0.04914,0.086048,0.023356,0.11758,0.029711,0.063168,0.14989,0.64207,-77.625
0.12318,0.04914,0.086048,0.023356,0.11758,0.029711,0.063168,0.14989,0.64207,-78.75
0.13167,0.046932,0.075745,0.023632,0.13112,0.029245,0.062249,0.15787,0.65847,-79.875
0.13167,0.046932,0.075745,0.023632,0.13112,0.029245,0.062249,0.15787,0.65847,-81
0.1299,0.049147,0.083392,0.025406,0.13652,0.033272,0.066647,0.15377,0.67805,-82.125
0.1299,0.049147,0.083392,0.025406,0.13652,0.033272,0.066647,0.15377,0.67805,-83.25
0.1352,0.048483,0.084324,0.028168,0.15713,0.033272,0.067472,0.15282,0.70687,-84.375
0.1352,0.048483,0.084324,0.028168,0.15713,0.033272,0.067472,0.15282,0.70687,-85.5
0.13555,0.047514,0.084703,0.029127,0.16304,0.0331,0.067889,0.1627,0.72363,-86.625
0.13555,0.047514,0.084703,0.029127,0.16304,0.0331,0.067889,0.1627,0.72363,-87.75
0.14008,0.05023,0.10912,0.029877,0.15809,0.039092,0.071475,0.16267,0.76062,-88.875
0.14008,0.05023,0.10912,0.029877,0.15809,0.039092,0.071475,0.16267,0.76062,-90
0.099406,0.016341,0.017794,0.011014,0.017556,0.021413,0.043172,0.11588,0.34258,0
0.099406,0.016341,0.017794,0.011014,0.017556,0.021413,0.043172,0.11588,0.34258,1.0976
0.093669,0.017986,0.019374,0.011522,0.018426,0.022861,0.043128,0.11725,0.34422,2.1951
0.093669,0.017986,0.019374,0.011522,0.018426,0.022861,0.043128,0.11725,0.34422,3.2927
0.089687,0.019276,0.019648,0.011555,0.018774,0.023159,0.043481,0.11544,0.34102,4.3902
0.084591,0.019394,0.020184,0.011455,0.018835,0.022944,0.045353,0.11249,0.33525,5.4878
0.084591,0.019394,0.020184,0.011455,0.018835,0.022944,0.045353,0.11249,0.33525,6.5854
0.08319,0.020744,0.02089,0.011455,0.018976,0.022877,0.04476,0.11888,0.34178,7.6829
0.085126,0.020485,0.021749,0.011848,0.019355,0.023696,0.044116,0.11141,0.33778,8.7805
0.085126,0.020485,0.021749,0.011848,0.019355,0.023696,0.044116,0.11141,0.33778,9.878
0.091029,0.022235,0.021144,0.012414,0.019609,0.023551,0.043717,0.1272,0.3609,10.976
0.091029,0.022235,0.021144,0.012414,0.019609,0.023551,0.043717,0.1272,0.3609,12.073
0.090398,0.022811,0.021941,0.013304,0.02078,0.02368,0.046614,0.12393,0.36346,13.171
0.090398,0.022811,0.021941,0.013304,0.02078,0.02368,0.046614,0.12393,0.36346,14.268
0.086332,0.024612,0.023777,0.01339,0.02009,0.022693,0.046178,0.13632,0.37339,15.366
0.086332,0.024612,0.023777,0.01339,0.02009,0.022693,0.046178,0.13632,0.37339,16.463
0.086332,0.024612,0.023777,0.01339,0.02009,0.022693,0.046178,0.13632,0.37339,17.561
0.086332,0.024612,0.023777,0.01339,0.02009,0.022693,0.046178,0.13632,0.37339,18.659
0.085689,0.024659,0.023777,0.01339,0.02009,0.023143,0.046236,0.13636,0.37335,19.756
0.085689,0.024659,0.023777,0.01339,0.02009,0.023143,0.046236,0.13636,0.37335,20.854
0.0902,0.024905,0.023793,0.013503,0.020373,0.023192,0.048836,0.13666,0.38146,21.951
0.0902,0.024905,0.023793,0.013503,0.020373,0.023192,0.048836,0.13666,0.38146,23.049
0.0902,0.024905,0.023793,0.013503,0.020373,0.023192,0.048836,0.13666,0.38146,24.146
0.0902,0.024905,0.023793,0.013503,0.020373,0.023192,0.048836,0.13666,0.38146,25.244
0.0902,0.024905,0.023793,0.013503,0.020373,0.023192,0.048836,0.13666,0.38146,26.341
0.0902,0.024905,0.023793,0.013503,0.020373,0.023192,0.048836,0.13666,0.38146,27.439
0.0902,0.024905,0.023793,0.013503,0.020373,0.023192,0.048836,0.13666,0.38146,28.537
0.091113,0.024674,0.024032,0.013532,0.020354,0.023323,0.048562,0.13107,0.37666,29.634
0.091113,0.024674,0.024032,0.013532,0.020354,0.023323,0.048562,0.13107,0.37666,30.732
0.12951,0.030906,0.022977,0.014273,0.022252,0.027316,0.055374,0.15083,0.45344,31.829
0.12951,0.030906,0.022977,0.014273,0.022252,0.027316,0.055374,0.15083,0.45344,32.927
0.12951,0.030906,0.022977,0.014273,0.022252,0.027316,0.055374,0.15083,0.45344,34.024
0.12951,0.030906,0.022977,0.014273,0.022252,0.027316,0.055374,0.15083,0.45344,35.122
0.1292,0.030758,0.022977,0.014273,0.022183,0.027204,0.055429,0.15252,0.45455,36.22
0.14071,0.033523,0.023291,0.012807,0.021644,0.025837,0.056748,0.14707,0.46163,37.317
0.14071,0.033523,0.023291,0.012807,0.021644,0.025837,0.056748,0.14707,0.46163,38.415
0.14071,0.033523,0.023291,0.012807,0.021644,0.025837,0.056748,0.14707,0.46163,39.512
0.14653,0.033283,0.021467,0.012985,0.022609,0.026421,0.061658,0.14801,0.47296,40.61
0.14594,0.033329,0.021431,0.013131,0.023857,0.027204,0.064837,0.15577,0.4855,41.707
0.14594,0.033329,0.021431,0.013131,0.023857,0.027204,0.064837,0.15577,0.4855,42.805
0.14412,0.031843,0.021802,0.014299,0.028141,0.028598,0.067895,0.18271,0.51941,43.902
0.14412,0.031843,0.021802,0.014299,0.028141,0.028598,0.067895,0.18271,0.51941,45
0.14412,0.031843,0.021802,0.014299,0.028141,0.028598,0.067895,0.18271,0.51941,46.098
0.15285,0.030534,0.021679,0.013975,0.029979,0.029852,0.075164,0.18721,0.54124,47.195
0.15285,0.030534,0.021679,0.013975,0.029979,0.029852,0.075164,0.18721,0.54124,48.293
0.15285,0.030534,0.021679,0.013975,0.029979,0.029852,0.075164,0.18721,0.54124,49.39
0.14603,0.031372,0.022911,0.019784,0.032518,0.030459,0.074608,0.19315,0.55083,50.488
0.15233,0.031626,0.023519,0.022977,0.032318,0.030559,0.074116,0.19578,0.56322,51.585
0.15233,0.031626,0.023519,0.022977,0.032318,0.030559,0.074116,0.19578,0.56322,52.683
0.15233,0.031626,0.023519,0.022977,0.032318,0.030559,0.074116,0.19578,0.56322,53.78
0.14592,0.031831,0.023438,0.023077,0.033975,0.030371,0.074142,0.20099,0.56374,54.878
0.14628,0.033203,0.023159,0.025823,0.038233,0.031747,0.072729,0.20463,0.5758,55.976
0.14628,0.033203,0.023159,0.025823,0.038233,0.031747,0.072729,0.20463,0.5758,57.073
0.14578,0.037192,0.023241,0.025852,0.038263,0.032283,0.071116,0.20788,0.58161,58.171
0.14578,0.037192,0.023241,0.025852,0.038263,0.032283,0.071116,0.20788,0.58161,59.268
0.14149,0.036003,0.023143,0.027288,0.040103,0.033157,0.070215,0.20774,0.57914,60.366
0.14149,0.036003,0.023143,0.027288,0.040103,0.033157,0.070215,0.20774,0.57914,61.463
0.14149,0.036003,0.023143,0.027288,0.040103,0.033157,0.070215,0.20774,0.57914,62.561
0.1434,0.039383,0.023307,0.028425,0.040529,0.033523,0.072022,0.2127,0.59329,63.659
0.13931,0.037842,0.024566,0.028612,0.041238,0.034993,0.07048,0.22414,0.60117,64.756
0.13931,0.037842,0.024566,0.028612,0.041238,0.034993,0.07048,0.22414,0.60117,65.854
0.14326,0.038283,0.024127,0.028718,0.04109,0.035971,0.068354,0.22675,0.60655,66.951
0.14326,0.038283,0.024127,0.028718,0.04109,0.035971,0.068354,0.22675,0.60655,68.049
0.1456,0.038788,0.024519,0.02893,0.042951,0.036914,0.066681,0.21798,0.60237,69.146
0.1456,0.038788,0.024519,0.02893,0.042951,0.036914,0.066681,0.21798,0.60237,70.244
0.1456,0.038788,0.024519,0.02893,0.042951,0.036914,0.066681,0.21798,0.60237,71.341
0.1509,0.039827,0.026407,0.029271,0.042835,0.036215,0.064275,0.21224,0.60197,72.439
0.14924,0.043874,0.026936,0.030258,0.042415,0.037478,0.054007,0.19497,0.57918,73.537
0.14924,0.043874,0.026936,0.030258,0.042415,0.037478,0.054007,0.19497,0.57918,74.634
0.16511,0.04526,0.029245,0.030534,0.042648,0.042406,0.058698,0.17951,0.59341,75.732
0.16511,0.04526,0.029245,0.030534,0.042648,0.042406,0.058698,0.17951,0.59341,76.829
0.16511,0.04526,0.029245,0.030534,0.042648,0.042406,0.058698,0.17951,0.59341,77.927
0.16511,0.04526,0.029245,0.030534,0.042648,0.042406,0.058698,0.17951,0.59341,79.024
0.16914,0.045387,0.029258,0.030534,0.043917,0.042361,0.058854,0.18229,0.60175,80.122
0.16914,0.045387,0.029258,0.030534,0.043917,0.042361,0.058854,0.18229,0.60175,81.22
0.16914,0.045387,0.029258,0.030534,0.043917,0.042361,0.058854,0.18229,0.60175,82.317
0.16969,0.045788,0.028798,0.030232,0.044435,0.042764,0.062986,0.18824,0.61294,83.415
0.16969,0.045788,0.028798,0.030232,0.044435,0.042764,0.062986,0.18824,0.61294,84.512
0.19302,0.046294,0.02944,0.032152,0.052079,0.045521,0.062914,0.19115,0.65257,85.61
0.19302,0.046294,0.02944,0.032152,0.052079,0.045521,0.062914,0.19115,0.65257,86.707
0.19302,0.046294,0.02944,0.032152,0.052079,0.045521,0.062914,0.19115,0.65257,87.805
0.21809,0.050412,0.029749,0.037027,0.056674,0.051527,0.067064,0.20129,0.71183,88.902
0.21809,0.050412,0.029749,0.037027,0.056674,0.051527,0.067064,0.20129,0.71183,90
0.10312,0.027386,0.022028,0.010944,0.01828,0.019687,0.060022,0.13628,0.39775,0
0.10312,0.027386,0.022028,0.010944,0.01828,0.019687,0.060022,0.13628,0.39775,1.0976
0.10457,0.026306,0.021538,0.011186,0.018322,0.02067,0.060723,0.14167,0.40499,2.1951
0.10457,0.026306,0.021538,0.011186,0.018322,0.02067,0.060723,0.14167,0.40499,3.2927
0.10774,0.026436,0.021714,0.011455,0.017469,0.022097,0.064258,0.14322,0.4144,4.3902
0.11424,0.026922,0.020927,0.011321,0.016824,0.022457,0.063966,0.1418,0.41846,5.4878
0.11424,0.026922,0.020927,0.011321,0.016824,0.022457,0.063966,0.1418,0.41846,6.5854
0.10749,0.024829,0.020725,0.011422,0.016106,0.023077,0.064222,0.14844,0.41631,7.6829
0.10749,0.024829,0.020725,0.011422,0.016106,0.023077,0.064222,0.14844,0.41631,8.7805
0.10388,0.02441,0.021036,0.011152,0.0162,0.022944,0.064275,0.15518,0.41908,9.878
0.10388,0.02441,0.021036,0.011152,0.0162,0.022944,0.064275,0.15518,0.41908,10.976
0.10852,0.024206,0.020429,0.011489,0.01725,0.025734,0.063823,0.14881,0.42026,12.073
0.10852,0.024206,0.020429,0.011489,0.01725,0.025734,0.063823,0.14881,0.42026,13.171
0.11363,0.024441,0.020466,0.011944,0.017815,0.026218,0.063559,0.15614,0.43421,14.268
0.11363,0.024441,0.020466,0.011944,0.017815,0.026218,0.063559,0.15614,0.43421,15.366
0.11455,0.024829,0.020927,0.01188,0.018238,0.026262,0.062701,0.14832,0.42771,16.463
0.11455,0.024829,0.020927,0.01188,0.018238,0.026262,0.062701,0.14832,0.42771,17.561
0.12262,0.026029,0.021644,0.012228,0.018259,0.027455,0.066153,0.1403,0.43468,18.659
0.12262,0.026029,0.021644,0.012228,0.018259,0.027455,0.066153,0.1403,0.43468,19.756
0.12399,0.027855,0.02067,0.012291,0.018734,0.027621,0.067461,0.14183,0.44045,20.854
0.12209,0.027978,0.02026,0.01204,0.019667,0.027621,0.068393,0.16327,0.46132,21.951
0.12209,0.027978,0.02026,0.01204,0.019667,0.027621,0.068393,0.16327,0.46132,23.049
0.12135,0.028625,0.020429,0.012135,0.020596,0.027063,0.065457,0.16503,0.46069,24.146
0.12075,0.030671,0.02067,0.012383,0.020981,0.027455,0.069455,0.17144,0.47381,25.244
0.12075,0.030671,0.02067,0.012383,0.020981,0.027455,0.069455,0.17144,0.47381,26.341
0.11957,0.030857,0.020707,0.012718,0.02118,0.02758,0.068704,0.17639,0.4777,27.439
0.1238,0.030646,0.022389,0.013073,0.021626,0.028033,0.066521,0.17854,0.48463,28.537
0.1238,0.030646,0.022389,0.013073,0.021626,0.028033,0.066521,0.17854,0.48463,29.634
0.12752,0.03098,0.022457,0.012897,0.021802,0.027077,0.06785,0.1749,0.48549,30.732
0.12752,0.03098,0.022457,0.012897,0.021802,0.027077,0.06785,0.1749,0.48549,31.829
0.14469,0.030646,0.021162,0.012688,0.021837,0.027176,0.064625,0.17075,0.49357,32.927
0.14469,0.030646,0.021162,0.012688,0.021837,0.027176,0.064625,0.17075,0.49357,34.024
0.14555,0.03246,0.021679,0.013247,0.021538,0.025119,0.062956,0.17068,0.49323,35.122
0.14555,0.03246,0.021679,0.013247,0.021538,0.025119,0.062956,0.17068,0.49323,36.22
0.15605,0.037304,0.022894,0.013276,0.021018,0.026029,0.06315,0.171,0.51072,37.317
0.15605,0.037304,0.022894,0.013276,0.021018,0.026029,0.06315,0.171,0.51072,38.415
0.16196,0.037539,0.022609,0.013475,0.02306,0.026073,0.064406,0.17769,0.52681,39.512
0.16436,0.037953,0.022609,0.013644,0.023044,0.025985,0.062555,0.17518,0.52533,40.61
0.1635,0.038143,0.022508,0.014111,0.022861,0.025823,0.063083,0.17792,0.52795,41.707
0.1635,0.038143,0.022508,0.014111,0.022861,0.025823,0.063083,0.17792,0.52795,42.805
0.16476,0.037832,0.023192,0.014746,0.025027,0.026922,0.060471,0.15399,0.50694,43.902
0.16476,0.037832,0.023192,0.014746,0.025027,0.026922,0.060471,0.15399,0.50694,45
0.16936,0.039296,0.02408,0.015254,0.025315,0.02833,0.06264,0.16518,0.52946,46.098
0.17177,0.039509,0.026233,0.019687,0.026277,0.027021,0.057297,0.16545,0.53325,47.195
0.17177,0.039509,0.026233,0.019687,0.026277,0.027021,0.057297,0.16545,0.53325,48.293
0.184,0.042818,0.027455,0.019803,0.027077,0.026043,0.056458,0.16206,0.54572,49.39
0.184,0.042818,0.027455,0.019803,0.027077,0.026043,0.056458,0.16206,0.54572,50.488
0.18949,0.043682,0.026623,0.021644,0.030708,0.028956,0.060522,0.16843,0.57005,51.585
0.18803,0.04526,0.026392,0.021749,0.031274,0.029022,0.060685,0.17586,0.57827,52.683
0.1791,0.045605,0.027358,0.022525,0.031517,0.029762,0.062634,0.19343,0.59193,53.78
0.1791,0.045605,0.027358,0.022525,0.031517,0.029762,0.062634,0.19343,0.59193,54.878
0.18603,0.044392,0.02733,0.024,0.033272,0.034906,0.063451,0.20061,0.614,55.976
0.18603,0.044392,0.02733,0.024,0.033272,0.034906,0.063451,0.20061,0.614,57.073
0.1866,0.048231,0.027759,0.024096,0.032342,0.037314,0.069779,0.20089,0.627,58.171
0.1866,0.048231,0.027759,0.024096,0.032342,0.037314,0.069779,0.20089,0.627,59.268
0.19153,0.047626,0.029685,0.027344,0.038896,0.038551,0.068186,0.2009,0.64272,60.366
0.19153,0.047626,0.029685,0.027344,0.038896,0.038551,0.068186,0.2009,0.64272,61.463
0.21251,0.05346,0.029966,0.02733,0.04237,0.039014,0.066933,0.21962,0.6912,62.561
0.21251,0.05346,0.029966,0.02733,0.04237,0.039014,0.066933,0.21962,0.6912,63.659
0.22251,0.053066,0.028545,0.027358,0.043013,0.03866,0.066343,0.21691,0.69641,64.756
0.23538,0.055174,0.030421,0.026291,0.047457,0.039779,0.063481,0.21131,0.70929,65.854
0.23524,0.058431,0.03472,0.028798,0.053695,0.042603,0.065306,0.21572,0.73451,66.951
0.23524,0.058431,0.03472,0.028798,0.053695,0.042603,0.065306,0.21572,0.73451,68.049
0.23775,0.058522,0.035026,0.030068,0.053231,0.044624,0.064678,0.21807,0.74197,69.146
0.24594,0.062628,0.036779,0.035491,0.056411,0.04521,0.064329,0.21325,0.76003,70.244
0.24594,0.062628,0.036779,0.035491,0.056411,0.04521,0.064329,0.21325,0.76003,71.341
0.2479,0.063835,0.038343,0.036435,0.060949,0.049457,0.062883,0.21008,0.76988,72.439
0.2479,0.063835,0.038343,0.036435,0.060949,0.049457,0.062883,0.21008,0.76988,73.537
0.23669,0.062944,0.040246,0.045167,0.060578,0.053202,0.069653,0.20812,0.77661,74.634
0.23669,0.062944,0.040246,0.045167,0.060578,0.053202,0.069653,0.20812,0.77661,75.732
0.23766,0.06032,0.040444,0.046557,0.063144,0.056113,0.064978,0.20717,0.77638,76.829
0.23766,0.06032,0.040444,0.046557,0.063144,0.056113,0.064978,0.20717,0.77638,77.927
0.24322,0.061547,0.039238,0.049062,0.061018,0.06321,0.066647,0.21583,0.79978,79.024
0.24322,0.061547,0.039238,0.049062,0.061018,0.06321,0.066647,0.21583,0.79978,80.122
0.22895,0.0583,0.038759,0.050819,0.05937,0.063859,0.068771,0.19254,0.76137,81.22
0.22892,0.06103,0.040407,0.054813,0.064358,0.065585,0.07022,0.21352,0.79885,82.317
0.22892,0.06103,0.040407,0.054813,0.064358,0.065585,0.07022,0.21352,0.79885,83.415
0.24034,0.060522,0.038143,0.056842,0.064079,0.066441,0.072807,0.22171,0.82089,84.512
0.24034,0.060522,0.038143,0.056842,0.064079,0.066441,0.072807,0.22171,0.82089,85.61
0.25387,0.059716,0.039072,0.073848,0.073516,0.067889,0.077728,0.25355,0.89919,86.707
0.25387,0.059716,0.039072,0.073848,0.073516,0.067889,0.077728,0.25355,0.89919,87.805
0.25568,0.059306,0.03594,0.078641,0.08268,0.066291,0.076047,0.25194,0.90653,88.902
0.25568,0.059306,0.03594,0.078641,0.08268,0.066291,0.076047,0.25194,0.90653,90
0.035716,0.013755,0.016224,0.010518,0.012597,0.017294,0.036717,0.10562,0.24844,0
0.034311,0.014564,0.017139,0.010186,0.012072,0.017491,0.042388,0.11908,0.26723,0
0.034311,0.014564,0.017139,0.010186,0.012072,0.017491,0.042388,0.11908,0.26723,0
0.037304,0.016982,0.016779,0.010111,0.011976,0.017751,0.041954,0.1178,0.27066,0
0.037304,0.016982,0.016779,0.010111,0.011976,0.017751,0.041954,0.1178,0.27066,0
0.037883,0.017294,0.018091,0.010445,0.011555,0.017535,0.04199,0.11892,0.27371,0
0.037903,0.017447,0.018426,0.01122,0.011152,0.017922,0.043296,0.11807,0.27543,0
0.037903,0.017447,0.018426,0.01122,0.011152,0.017922,0.043296,0.11807,0.27543,0
0.039238,0.016982,0.017686,0.010979,0.011355,0.018007,0.043848,0.11763,0.27573,0
0.039238,0.016982,0.017686,0.010979,0.011355,0.018007,0.043848,0.11763,0.27573,0
0.039625,0.017049,0.018134,0.011117,0.011686,0.01736,0.043463,0.11127,0.2697,0
0.039625,0.017049,0.018134,0.011117,0.011686,0.01736,0.043463,0.11127,0.2697,0
0.040932,0.016733,0.018176,0.011355,0.011816,0.017005,0.04422,0.11646,0.2767,0
0.037772,0.01648,0.017837,0.011455,0.011653,0.016824,0.045344,0.13152,0.28889,0
0.037772,0.01648,0.017837,0.011455,0.011653,0.016824,0.045344,0.13152,0.28889,0
0.03547,0.016364,0.017772,0.011588,0.011489,0.017205,0.044913,0.13114,0.28594,0
0.03547,0.016364,0.017772,0.011588,0.011489,0.017205,0.044913,0.13114,0.28594,0
0.034774,0.01613,0.016271,0.011522,0.011555,0.017316,0.045579,0.13153,0.28467,0
0.034829,0.016619,0.016177,0.012103,0.011389,0.015891,0.042451,0.12811,0.27757,0
0.034829,0.016619,0.016177,0.012103,0.011389,0.015891,0.042451,0.12811,0.27757,0
0.033998,0.016318,0.017205,0.012718,0.011944,0.016058,0.041284,0.13574,0.28526,0
0.033998,0.016318,0.017205,0.012718,0.011944,0.016058,0.041284,0.13574,0.28526,0
0.034741,0.016153,0.016915,0.012537,0.012228,0.016153,0.040651,0.13428,0.28365,0
0.034741,0.016153,0.016915,0.012537,0.012228,0.016153,0.040651,0.13428,0.28365,0
0.032845,0.015204,0.016527,0.012414,0.011816,0.016153,0.040008,0.13329,0.27826,0
0.033007,0.016411,0.017815,0.012383,0.012353,0.015354,0.040113,0.13551,0.28295,0
0.033007,0.016411,0.017815,0.012383,0.012353,0.015354,0.040113,0.13551,0.28295,0
0.034087,0.016106,0.01613,0.011719,0.012008,0.014772,0.039111,0.13513,0.27906,0
0.034087,0.016106,0.01613,0.011719,0.012008,0.014772,0.039111,0.13513,0.27906,0
0.030882,0.017094,0.016153,0.011621,0.012166,0.014537,0.039769,0.13511,0.27733,0
0.030882,0.017094,0.016153,0.011621,0.012166,0.014537,0.039769,0.13511,0.27733,0
0.030584,0.017858,0.016341,0.011355,0.011912,0.014084,0.039865,0.13615,0.27815,0
0.030584,0.017858,0.016341,0.011355,0.011912,0.014084,0.039865,0.13615,0.27815,0
0.029349,0.017922,0.016011,0.011555,0.011621,0.014537,0.041652,0.14539,0.28804,0
0.029349,0.017922,0.016011,0.011555,0.011621,0.014537,0.041652,0.14539,0.28804,0
0.027896,0.018446,0.01613,0.011288,0.011621,0.014564,0.040904,0.1303,0.27115,0
0.030409,0.018673,0.016294,0.010733,0.011152,0.014246,0.040614,0.13515,0.27727,0
0.030409,0.018673,0.016294,0.010733,0.011152,0.014246,0.040614,0.13515,0.27727,0
0.029941,0.018529,0.016271,0.010733,0.01091,0.014219,0.039817,0.1365,0.27692,0
0.029941,0.018529,0.016271,0.010733,0.01091,0.014219,0.039817,0.1365,0.27692,0
0.029349,0.018997,0.016642,0.010445,0.011152,0.015453,0.040651,0.14499,0.28768,0
0.029349,0.018997,0.016642,0.010445,0.011152,0.015453,0.040651,0.14499,0.28768,0
0.029245,0.019492,0.016824,0.010149,0.011152,0.016294,0.040388,0.13998,0.28352,0
0.028798,0.01959,0.015601,0.010445,0.010372,0.0162,0.041496,0.13333,0.27583,0
0.028798,0.01959,0.015601,0.010445,0.010372,0.0162,0.041496,0.13333,0.27583,0
0.030521,0.019295,0.015404,0.010482,0.010482,0.016153,0.039999,0.131,0.27333,0
0.028811,0.017535,0.015625,0.010554,0.010224,0.0162,0.040501,0.13992,0.27937,0
0.028811,0.017535,0.015625,0.010554,0.010224,0.0162,0.040501,0.13992,0.27937,0
0.029206,0.017294,0.014406,0.010554,0.010149,0.016106,0.041368,0.14556,0.28464,0
0.028128,0.017072,0.015304,0.010482,0.010261,0.016341,0.04296,0.14407,0.28462,0
0.028128,0.017072,0.015304,0.010482,0.010261,0.016341,0.04296,0.14407,0.28462,0
0.02791,0.015771,0.015428,0.010979,0.010482,0.016982,0.04228,0.14384,0.28367,0
0.02791,0.015771,0.015428,0.010979,0.010482,0.016982,0.04228,0.14384,0.28367,0
0.028492,0.015649,0.015329,0.011254,0.010979,0.016982,0.044777,0.14093,0.2844,0
0.028492,0.015649,0.015329,0.011254,0.010979,0.016982,0.044777,0.14093,0.2844,0
0.028128,0.015354,0.016982,0.011254,0.010979,0.016364,0.044099,0.14319,0.28635,0
0.028128,0.015354,0.016982,0.011254,0.010979,0.016364,0.044099,0.14319,0.28635,0
0.027106,0.01472,0.017049,0.011152,0.010875,0.016596,0.044116,0.14837,0.28998,0
0.027106,0.01472,0.017049,0.011152,0.010875,0.016596,0.044116,0.14837,0.28998,0
0.026073,0.014432,0.017116,0.011186,0.011686,0.016665,0.045655,0.14436,0.28718,0
0.026073,0.014432,0.017116,0.011186,0.011686,0.016665,0.045655,0.14436,0.28718,0
0.027663,0.01459,0.018197,0.011422,0.011686,0.015625,0.044246,0.14905,0.29248,0
0.027663,0.01459,0.018197,0.011422,0.011686,0.015625,0.044246,0.14905,0.29248,0
0.027924,0.01316,0.018028,0.010804,0.011653,0.015502,0.04363,0.14765,0.28835,0
0.027924,0.01316,0.018028,0.010804,0.011653,0.015502,0.04363,0.14765,0.28835,0
0.028277,0.012537,0.017879,0.010804,0.011816,0.015104,0.043778,0.15128,0.29148,0
0.028317,0.012353,0.019648,0.01059,0.012008,0.014875,0.042325,0.15259,0.2927,0
0.028317,0.012353,0.019648,0.01059,0.012008,0.014875,0.042325,0.15259,0.2927,0
0.027204,0.012837,0.019236,0.01059,0.012597,0.015404,0.043533,0.15805,0.29945,0
0.027204,0.012837,0.019236,0.01059,0.012597,0.015404,0.043533,0.15805,0.29945,0
0.02769,0.013189,0.019355,0.01059,0.014485,0.015576,0.042782,0.15263,0.2963,0
0.02769,0.013189,0.019355,0.01059,0.014485,0.015576,0.042782,0.15263,0.2963,0
0.027091,0.013811,0.018446,0.010839,0.014511,0.015649,0.040103,0.15586,0.29631,0
0.027594,0.013975,0.018713,0.011049,0.014875,0.015104,0.041404,0.15772,0.30043,0
0.027594,0.013975,0.018713,0.011049,0.014875,0.015104,0.041404,0.15772,0.30043,0
0.027608,0.013755,0.019077,0.010518,0.014485,0.014849,0.035641,0.15025,0.28618,0
0.027608,0.013755,0.019077,0.010518,0.014485,0.014849,0.035641,0.15025,0.28618,0
0.028798,0.014326,0.017491,0.010733,0.014432,0.015179,0.037263,0.15162,0.28984,0
0.028798,0.014326,0.017491,0.010733,0.014432,0.015179,0.037263,0.15162,0.28984,0
0.02897,0.014057,0.017469,0.010626,0.014458,0.014746,0.036862,0.14277,0.27996,0
0.02897,0.014057,0.017469,0.010626,0.014458,0.014746,0.036862,0.14277,0.27996,0
0.029595,0.014246,0.017578,0.010554,0.01403,0.015674,0.033444,0.1417,0.27682,0
0.029595,0.014246,0.017578,0.010554,0.01403,0.015674,0.033444,0.1417,0.27682,0
0.029762,0.014192,0.01613,0.010554,0.013948,0.015428,0.035727,0.13672,0.27246,0
0.029762,0.014192,0.01613,0.010554,0.013948,0.015428,0.035727,0.13672,0.27246,0
0.029543,0.013672,0.016457,0.01091,0.013811,0.015649,0.037048,0.12902,0.26611,0
0.029543,0.013672,0.016457,0.01091,0.013811,0.015649,0.037048,0.12902,0.26611,0
0.029075,0.014003,0.016619,0.011014,0.013783,0.016434,0.035491,0.12648,0.2629,0
0.030882,0.013975,0.014485,0.011355,0.01339,0.016573,0.035663,0.13039,0.26671,0
0.030882,0.013975,0.014485,0.011355,0.01339,0.016573,0.035663,0.13039,0.26671,0
0.030696,0.013218,0.013672,0.011152,0.013131,0.016224,0.034643,0.11269,0.24543,0
0.030696,0.013218,0.013672,0.011152,0.013131,0.016224,0.034643,0.11269,0.24543,0
0.030383,0.013304,0.013838,0.011014,0.013247,0.015987,0.034031,0.11392,0.24572,0
0.030383,0.013304,0.013838,0.011014,0.013247,0.015987,0.034031,0.11392,0.24572,0
0.031115,0.012628,0.013975,0.010733,0.010979,0.015453,0.032845,0.1086,0.23633,0
0.031115,0.012628,0.013975,0.010733,0.010979,0.015453,0.032845,0.1086,0.23633,0
0.031152,0.012658,0.014352,0.010554,0.011083,0.015625,0.033478,0.12042,0.24932,0
0.031152,0.012658,0.014352,0.010554,0.011083,0.015625,0.033478,0.12042,0.24932,0
0.031029,0.012072,0.014273,0.010224,0.010626,0.016035,0.032471,0.11879,0.24552,0
0.031029,0.012072,0.014273,0.010224,0.010626,0.016035,0.032471,0.11879,0.24552,0
0.033964,0.012197,0.013644,0.010518,0.011014,0.015601,0.03508,0.12367,0.25569,0
0.033964,0.012197,0.013644,0.010518,0.011014,0.015601,0.03508,0.12367,0.25569,0
0.033123,0.011288,0.0137,0.010698,0.011355,0.015502,0.033863,0.12275,0.25228,0
0.033123,0.011288,0.0137,0.010698,0.011355,0.015502,0.033863,0.12275,0.25228,0
0.033146,0.011588,0.013616,0.010804,0.011784,0.015625,0.03534,0.11861,0.25052,0
0.032553,0.011355,0.014057,0.010804,0.013672,0.015428,0.035459,0.11945,0.25278,0
0.032553,0.011355,0.014057,0.010804,0.013672,0.015428,0.035459,0.11945,0.25278,0
0.031686,0.01204,0.014694,0.011686,0.013361,0.015722,0.03402,0.11948,0.25269,0
0.031686,0.01204,0.014694,0.011686,0.013361,0.015722,0.03402,0.11948,0.25269,0
0.031926,0.012414,0.014299,0.011117,0.013073,0.015478,0.033671,0.12656,0.25854,0
0.031926,0.012414,0.014299,0.011117,0.013073,0.015478,0.033671,0.12656,0.25854,0
0.031614,0.011912,0.013866,0.011751,0.013418,0.015304,0.034244,0.12607,0.25818,0
0.031614,0.011912,0.013866,0.011751,0.013418,0.015304,0.034244,0.12607,0.25818,0
0.031323,0.011719,0.015154,0.011686,0.0137,0.014432,0.037222,0.12512,0.26036,0
0.031323,0.011719,0.015154,0.011686,0.0137,0.014432,0.037222,0.12512,0.26036,0
0.030434,0.011912,0.015576,0.011816,0.01403,0.014564,0.036665,0.12486,0.25986,0
0.030434,0.011912,0.015576,0.011816,0.01403,0.014564,0.036665,0.12486,0.25986,0
0.030609,0.011751,0.015649,0.011489,0.013783,0.014746,0.039111,0.12817,0.26531,0
0.030043,0.012322,0.015819,0.011555,0.0137,0.014772,0.040595,0.12849,0.2673,0
0.030043,0.012322,0.015819,0.011555,0.0137,0.014772,0.040595,0.12849,0.2673,0
0.031505,0.012506,0.01472,0.011653,0.01356,0.014797,0.041542,0.12068,0.26096,0
0.031505,0.012506,0.01472,0.011653,0.01356,0.014797,0.041542,0.12068,0.26096,0
0.028864,0.012867,0.015129,0.012103,0.013893,0.014246,0.040046,0.1189,0.25605,0
0.028692,0.012926,0.016058,0.011944,0.013503,0.014219,0.038343,0.11609,0.25177,0
0.028692,0.012926,0.016058,0.011944,0.013503,0.014219,0.038343,0.11609,0.25177,0
0.027162,0.013131,0.016294,0.012166,0.013276,0.014165,0.03917,0.12175,0.25711,0
0.026865,0.012956,0.016294,0.012135,0.011686,0.013276,0.040416,0.12996,0.26359,0
0.026865,0.012956,0.016294,0.012135,0.011686,0.013276,0.040416,0.12996,0.26359,0
0.027663,0.012476,0.016411,0.011355,0.011254,0.012778,0.041025,0.13173,0.26469,0
0.027663,0.012476,0.016411,0.011355,0.011254,0.012778,0.041025,0.13173,0.26469,0
0.02658,0.011976,0.016801,0.011254,0.011254,0.012897,0.042044,0.13236,0.26516,0
0.02527,0.012383,0.015795,0.010979,0.011117,0.017426,0.049695,0.11869,0.26136,0
0.023809,0.012597,0.01403,0.011049,0.010979,0.01807,0.047272,0.1273,0.26511,0
0.023777,0.012597,0.01472,0.010626,0.01122,0.018632,0.0451,0.12912,0.26579,0
0.023777,0.012597,0.01472,0.010626,0.01122,0.018632,0.0451,0.12912,0.26579,0
0.024379,0.012166,0.014797,0.010769,0.01122,0.018591,0.046589,0.13724,0.27575,0
0.024379,0.012166,0.014797,0.010769,0.01122,0.018591,0.046589,0.13724,0.27575,0
0.02469,0.01226,0.014875,0.010804,0.011321,0.018259,0.045996,0.13632,0.27452,0
0.02469,0.01226,0.014875,0.010804,0.011321,0.018259,0.045996,0.13632,0.27452,0
0.024441,0.012197,0.016573,0.010698,0.011355,0.018301,0.048056,0.14141,0.28304,0
0.024441,0.012197,0.016573,0.010698,0.011355,0.018301,0.048056,0.14141,0.28304,0
0.024441,0.012197,0.016573,0.010698,0.011355,0.018301,0.048056,0.14141,0.28304,0
0.024379,0.011912,0.016035,0.010698,0.01122,0.018426,0.048104,0.14124,0.28201,0
0.024379,0.011912,0.016035,0.010698,0.01122,0.018426,0.048104,0.14124,0.28201,0
0.02645,0.012072,0.015915,0.010662,0.010698,0.018815,0.049054,0.14436,0.28803,0
0.02645,0.012072,0.015915,0.010662,0.010698,0.018815,0.049054,0.14436,0.28803,0
0.025195,0.012103,0.015002,0.010698,0.010626,0.018426,0.049895,0.1507,0.29265,0
0.025195,0.012103,0.015002,0.010698,0.010626,0.018426,0.049895,0.1507,0.29265,0
0.025119,0.011976,0.014746,0.010769,0.010733,0.018028,0.049163,0.1504,0.29093,0
0.025119,0.011976,0.014746,0.010769,0.010733,0.018028,0.049163,0.1504,0.29093,0
0.024048,0.012322,0.015002,0.011152,0.010662,0.018322,0.051483,0.14466,0.28765,0
0.024363,0.012383,0.015354,0.010298,0.010261,0.017535,0.048719,0.14099,0.27991,0
0.024363,0.012383,0.015354,0.010298,0.010261,0.017535,0.048719,0.14099,0.27991,0
0.024175,0.01204,0.015279,0.010186,0.010261,0.017535,0.048215,0.14017,0.27786,0
0.024175,0.01204,0.015279,0.010186,0.010261,0.017535,0.048215,0.14017,0.27786,0
0.024473,0.01188,0.01472,0.010409,0.010839,0.018508,0.047433,0.14006,0.27832,0
0.024473,0.01188,0.01472,0.010409,0.010839,0.018508,0.047433,0.14006,0.27832,0
0.02758,0.012445,0.014352,0.010445,0.010769,0.018301,0.049902,0.12858,0.27237,0
0.02758,0.012445,0.014352,0.010445,0.010769,0.018301,0.049902,0.12858,0.27237,0
0.027525,0.012476,0.01403,0.010372,0.011117,0.017072,0.050856,0.12197,0.26541,0
0.027525,0.012476,0.01403,0.010372,0.011117,0.017072,0.050856,0.12197,0.26541,0
0.027218,0.012072,0.015229,0.010518,0.01122,0.017404,0.049918,0.12089,0.26447,0
0.027218,0.012072,0.015229,0.010518,0.01122,0.017404,0.049918,0.12089,0.26447,0
0.027007,0.012103,0.013588,0.010335,0.010804,0.017535,0.046875,0.12266,0.26091,0
0.027007,0.012103,0.013588,0.010335,0.010804,0.017535,0.046875,0.12266,0.26091,0
0.027049,0.012166,0.013014,0.010335,0.010875,0.017205,0.0439,0.12107,0.25561,0
0.027049,0.012166,0.013014,0.010335,0.010875,0.017205,0.0439,0.12107,0.25561,0
0.027162,0.012506,0.014138,0.010698,0.010626,0.01655,0.04376,0.12145,0.25689,0
0.027162,0.012506,0.014138,0.010698,0.010626,0.01655,0.04376,0.12145,0.25689,0
0.026894,0.012537,0.014406,0.011049,0.010769,0.016364,0.043489,0.11814,0.25364,0
0.026894,0.012537,0.014406,0.011049,0.010769,0.016364,0.043489,0.11814,0.25364,0
0.026175,0.012008,0.014432,0.010554,0.010804,0.017116,0.046679,0.11523,0.253,0
0.026175,0.012008,0.014432,0.010554,0.010804,0.017116,0.046679,0.11523,0.253,0
0.02833,0.01188,0.014138,0.010298,0.010769,0.016733,0.044237,0.1126,0.24898,0
0.02833,0.01188,0.014138,0.010298,0.010769,0.016733,0.044237,0.1126,0.24898,0
0.028718,0.01188,0.014772,0.010335,0.010944,0.016869,0.046589,0.11175,0.25186,0
0.028718,0.01188,0.014772,0.010335,0.010944,0.016869,0.046589,0.11175,0.25186,0
0.029232,0.012166,0.014511,0.010224,0.010409,0.01648,0.046777,0.12093,0.26073,0
0.029232,0.012166,0.014511,0.010224,0.010409,0.01648,0.046777,0.12093,0.26073,0
0.027538,0.012166,0.014564,0.010733,0.010372,0.015404,0.047264,0.12014,0.25818,0
0.027538,0.012166,0.014564,0.010733,0.010372,0.015404,0.047264,0.12014,0.25818,0
0.027049,0.012718,0.015576,0.010839,0.010662,0.014772,0.045512,0.12296,0.26009,0
0.027049,0.012718,0.015576,0.010839,0.010662,0.014772,0.045512,0.12296,0.26009,0
0.026277,0.012506,0.014352,0.010804,0.010626,0.015354,0.043577,0.11993,0.25342,0
0.026277,0.012506,0.014352,0.010804,0.010626,0.015354,0.043577,0.11993,0.25342,0
0.026766,0.012597,0.01472,0.010979,0.010875,0.015453,0.044888,0.12213,0.25841,0
0.027455,0.012567,0.014642,0.010944,0.01059,0.015329,0.045496,0.1165,0.25352,0
0.027455,0.012567,0.014642,0.010944,0.01059,0.015329,0.045496,0.1165,0.25352,0
0.027455,0.012567,0.014642,0.010944,0.01059,0.015329,0.045496,0.1165,0.25352,0
0.027525,0.013304,0.014642,0.011389,0.010698,0.016596,0.04563,0.12389,0.26368,0
0.027525,0.013304,0.014642,0.011389,0.010698,0.016596,0.04563,0.12389,0.26368,0
0.025837,0.013073,0.01459,0.010979,0.010733,0.016619,0.044701,0.11462,0.25115,0
0.025837,0.013073,0.01459,0.010979,0.010733,0.016619,0.044701,0.11462,0.25115,0
0.026623,0.013247,0.014511,0.011152,0.010769,0.0162,0.044862,0.11475,0.25212,0
0.026594,0.013447,0.016756,0.011389,0.010979,0.016364,0.041294,0.11722,0.25404,0
0.026594,0.013447,0.016756,0.011389,0.010979,0.016364,0.041294,0.11722,0.25404,0
0.027427,0.013838,0.015747,0.011288,0.010979,0.016915,0.039596,0.11158,0.24737,0
0.027427,0.013838,0.015747,0.011288,0.010979,0.016915,0.039596,0.11158,0.24737,0
0.026565,0.013418,0.015915,0.011186,0.010979,0.017447,0.041016,0.10745,0.24398,0
0.026565,0.013418,0.015915,0.011186,0.010979,0.017447,0.041016,0.10745,0.24398,0
0.025896,0.013131,0.015819,0.010372,0.010769,0.017922,0.040923,0.10923,0.24406,0
0.025896,0.013131,0.015819,0.010372,0.010769,0.017922,0.040923,0.10923,0.24406,0
0.028303,0.012506,0.015453,0.010261,0.01122,0.017535,0.039567,0.10849,0.24333,0
0.028303,0.012506,0.015453,0.010261,0.01122,0.017535,0.039567,0.10849,0.24333,0
0.028128,0.012567,0.015527,0.010698,0.011555,0.01725,0.042271,0.11102,0.24901,0
0.028128,0.012567,0.015527,0.010698,0.011555,0.01725,0.042271,0.11102,0.24901,0
0.02733,0.012414,0.015254,0.010979,0.011588,0.017161,0.040094,0.11335,0.24817,0
0.02733,0.012414,0.015254,0.010979,0.011588,0.017161,0.040094,0.11335,0.24817,0
0.02953,0.011944,0.015428,0.011014,0.011588,0.0162,0.040027,0.11562,0.25135,0
0.02953,0.011944,0.015428,0.011014,0.011588,0.0162,0.040027,0.11562,0.25135,0
0.030283,0.011751,0.014192,0.010769,0.011455,0.016733,0.047993,0.11003,0.25321,0
0.030283,0.011751,0.014192,0.010769,0.011455,0.016733,0.047993,0.11003,0.25321,0
0.029569,0.011355,0.015078,0.010804,0.011816,0.01648,0.049256,0.11313,0.25749,0
0.029569,0.011355,0.015078,0.010804,0.011816,0.01648,0.049256,0.11313,0.25749,0
0.03027,0.011686,0.013893,0.010804,0.011588,0.0176,0.05183,0.11801,0.26568,0
0.03027,0.011686,0.013893,0.010804,0.011588,0.0176,0.05183,0.11801,0.26568,0
0.028904,0.011389,0.013189,0.010979,0.011455,0.017116,0.053195,0.11963,0.26586,0
0.028904,0.011389,0.013189,0.010979,0.011455,0.017116,0.053195,0.11963,0.26586,0
0.028771,0.011389,0.01316,0.011083,0.011848,0.018259,0.054464,0.12794,0.27691,0
0.028771,0.011389,0.01316,0.011083,0.011848,0.018259,0.054464,0.12794,0.27691,0
0.029813,0.011489,0.013131,0.011117,0.011944,0.017316,0.053474,0.12137,0.26965,0
0.029813,0.011489,0.013131,0.011117,0.011944,0.017316,0.053474,0.12137,0.26965,0
0.027427,0.011653,0.015028,0.011686,0.012135,0.017578,0.054876,0.11967,0.27006,0
0.027427,0.011653,0.015028,0.011686,0.012135,0.017578,0.054876,0.11967,0.27006,0
0.028451,0.011489,0.013921,0.011621,0.012383,0.017621,0.054338,0.12415,0.27397,0
0.028451,0.011489,0.013921,0.011621,0.012383,0.017621,0.054338,0.12415,0.27397,0
0.028877,0.011355,0.013866,0.01204,0.012166,0.017643,0.053936,0.12246,0.27234,0
0.028877,0.011355,0.013866,0.01204,0.012166,0.017643,0.053936,0.12246,0.27234,0
0.026116,0.010944,0.013276,0.01188,0.01204,0.018197,0.053389,0.11665,0.26249,0
0.026116,0.010944,0.013276,0.01188,0.01204,0.018197,0.053389,0.11665,0.26249,0
0.026116,0.01122,0.013503,0.011976,0.012072,0.017513,0.048136,0.11926,0.2598,0
0.026116,0.01122,0.013503,0.011976,0.012072,0.017513,0.048136,0.11926,0.2598,0
0.028598,0.012353,0.012414,0.011816,0.012166,0.017858,0.04769,0.12059,0.26348,0
0.028598,0.012353,0.012414,0.011816,0.012166,0.017858,0.04769,0.12059,0.26348,0
0.027773,0.012353,0.012103,0.011588,0.011976,0.017556,0.046761,0.1186,0.25871,0
0.027773,0.012353,0.012103,0.011588,0.011976,0.017556,0.046761,0.1186,0.25871,0
0.028303,0.012166,0.012072,0.011653,0.012628,0.017621,0.045638,0.12861,0.26869,0
0.028303,0.012166,0.012072,0.011653,0.012628,0.017621,0.045638,0.12861,0.26869,0
0.029928,0.012383,0.012228,0.011686,0.012445,0.016011,0.043577,0.13075,0.26901,0
0.029928,0.012383,0.012228,0.011686,0.012445,0.016011,0.043577,0.13075,0.26901,0
0.030383,0.01226,0.012445,0.011816,0.012135,0.016457,0.042451,0.12719,0.26513,0
0.030383,0.01226,0.012445,0.011816,0.012135,0.016457,0.042451,0.12719,0.26513,0
0.029839,0.01226,0.012807,0.011489,0.011653,0.016318,0.042496,0.12748,0.26434,0
0.029839,0.01226,0.012807,0.011489,0.011653,0.016318,0.042496,0.12748,0.26434,0
0.029219,0.01226,0.012228,0.011816,0.011254,0.016779,0.042244,0.12339,0.25919,0
0.029219,0.01226,0.012228,0.011816,0.011254,0.016779,0.042244,0.12339,0.25919,0
0.02758,0.011912,0.012291,0.011653,0.011049,0.016937,0.040941,0.1201,0.25247,0
0.02758,0.011912,0.012291,0.011653,0.011049,0.016937,0.040941,0.1201,0.25247,0
0.029219,0.01226,0.012628,0.011049,0.010804,0.016294,0.041247,0.11875,0.25225,0
0.029219,0.01226,0.012628,0.011049,0.010804,0.016294,0.041247,0.11875,0.25225,0
0.028344,0.012008,0.012837,0.011389,0.011254,0.016341,0.041127,0.11687,0.25017,0
0.028344,0.012008,0.012837,0.011389,0.011254,0.016341,0.041127,0.11687,0.25017,0
0.027274,0.012008,0.013672,0.011117,0.011152,0.016892,0.039422,0.11316,0.2447,0
0.027274,0.012008,0.013672,0.011117,0.011152,0.016892,0.039422,0.11316,0.2447,0
0.029075,0.011489,0.013866,0.011355,0.010769,0.015915,0.038053,0.10128,0.23181,0
0.029075,0.011489,0.013866,0.011355,0.010769,0.015915,0.038053,0.10128,0.23181,0
0.028983,0.011621,0.014057,0.011049,0.011083,0.016271,0.041118,0.098268,0.23245,0
0.028983,0.011621,0.014057,0.011049,0.011083,0.016271,0.041118,0.098268,0.23245,0
0.027511,0.011254,0.013866,0.011355,0.011588,0.016527,0.040122,0.093166,0.22539,0
0.027511,0.011254,0.013866,0.011355,0.011588,0.016527,0.040122,0.093166,0.22539,0
0.027552,0.011355,0.013672,0.011784,0.011621,0.017161,0.041771,0.099502,0.23442,0
0.027552,0.011355,0.013672,0.011784,0.011621,0.017161,0.041771,0.099502,0.23442,0
0.027427,0.011254,0.011751,0.011083,0.01226,0.01736,0.039836,0.091364,0.22233,0
0.027427,0.011254,0.011751,0.011083,0.01226,0.01736,0.039836,0.091364,0.22233,0
0.027427,0.011588,0.011455,0.010733,0.01226,0.017986,0.041404,0.10175,0.2346,0
0.027427,0.011588,0.011455,0.010733,0.01226,0.017986,0.041404,0.10175,0.2346,0
0.028087,0.012072,0.011455,0.010554,0.012197,0.018218,0.041643,0.099636,0.23386,0
0.028087,0.012072,0.011455,0.010554,0.012197,0.018218,0.041643,0.099636,0.23386,0
0.028371,0.01204,0.011117,0.010111,0.012197,0.017643,0.041349,0.10436,0.23719,0
0.028371,0.01204,0.011117,0.010111,0.012197,0.017643,0.041349,0.10436,0.23719,0
0.028155,0.012291,0.010839,0.010298,0.012103,0.017794,0.040773,0.10329,0.23554,0
0.0278,0.012228,0.010073,0.010335,0.011653,0.017294,0.040885,0.10895,0.23922,0
0.0278,0.012228,0.010073,0.010335,0.011653,0.017294,0.040885,0.10895,0.23922,0
0.027787,0.011944,0.009161,0.01059,0.011784,0.017556,0.046335,0.10598,0.24113,0
0.026262,0.011848,0.0086909,0.010733,0.011816,0.017535,0.046054,0.10551,0.23845,0
